Path,URL,Size in bytes (optional but recommended),MD5 Hash (optional but recommended),Filter Terms (optional),Overwrite (optional),Comments (optional)
docs/MegaDrive/Manuals/2020 Super Baseball.pdf,https://archive.org/download/mister-manuals/1989_Sega%20Genesis.zip/1989_Sega%20Genesis%2F2020%20Super%20Baseball.pdf,3184977,5d7fd59d2e37ea81fbbcdc00f49b5fc9,,,2020 Super Baseball.pdf
docs/MegaDrive/Manuals/3 Ninjas Kick Back.pdf,https://archive.org/download/mister-manuals/1989_Sega%20Genesis.zip/1989_Sega%20Genesis%2F3%20Ninjas%20Kick%20Back.pdf,3275240,8ad0a043cfeb061e4880c4b951ea2feb,,,3 Ninjas Kick Back.pdf
docs/MegaDrive/Manuals/688 Attack Sub.pdf,https://archive.org/download/mister-manuals/1989_Sega%20Genesis.zip/1989_Sega%20Genesis%2F688%20Attack%20Sub.pdf,5731782,a93a0b2fd3cd248eeea63a23c3ee2afd,,,688 Attack Sub.pdf
docs/MegaDrive/Manuals/AAAHH!!! Real Monsters.pdf,https://archive.org/download/mister-manuals/1989_Sega%20Genesis.zip/1989_Sega%20Genesis%2FAAAHH%21%21%21%20Real%20Monsters.pdf,3448256,0ca525bc646dc722d7365566eb48b201,,,AAAHH!!! Real Monsters.pdf
docs/MegaDrive/Manuals/ATP Tour Championship Tennis.pdf,https://archive.org/download/mister-manuals/1989_Sega%20Genesis.zip/1989_Sega%20Genesis%2FATP%20Tour%20Championship%20Tennis.pdf,1164288,16b3fb012502d1c17804ee061d6c92db,,,ATP Tour Championship Tennis.pdf
docs/MegaDrive/Manuals/AWS Pro Moves Soccer.pdf,https://archive.org/download/mister-manuals/1989_Sega%20Genesis.zip/1989_Sega%20Genesis%2FAWS%20Pro%20Moves%20Soccer.pdf,2939294,caf1f9e074f4098646661fc341a77453,,,AWS Pro Moves Soccer.pdf
docs/MegaDrive/Manuals/Action 52.pdf,https://archive.org/download/mister-manuals/1989_Sega%20Genesis.zip/1989_Sega%20Genesis%2FAction%2052.pdf,1487520,fd583f926d353ca6f122e9967bada1d9,,,Action 52.pdf
"docs/MegaDrive/Manuals/Addams Family, The.pdf",https://archive.org/download/mister-manuals/1989_Sega%20Genesis.zip/1989_Sega%20Genesis%2FAddams%20Family%2C%20The.pdf,3453287,87145b856ab6b265bd228295371d8fb4,,,"Addams Family, The.pdf"
"docs/MegaDrive/Manuals/Adventures of Batman & Robin, The.pdf",https://archive.org/download/mister-manuals/1989_Sega%20Genesis.zip/1989_Sega%20Genesis%2FAdventures%20of%20Batman%20%26%20Robin%2C%20The.pdf,1077719,9dab78812205fca42fa11b4a0bc5a6b9,,,"Adventures of Batman & Robin, The.pdf"
"docs/MegaDrive/Manuals/Adventures of Mighty Max, The.pdf",https://archive.org/download/mister-manuals/1989_Sega%20Genesis.zip/1989_Sega%20Genesis%2FAdventures%20of%20Mighty%20Max%2C%20The.pdf,4049903,987ced406f3e84202c78c765fdea1e7e,,,"Adventures of Mighty Max, The.pdf"
"docs/MegaDrive/Manuals/Adventures of Rocky and Bullwinkle and Friends, The.pdf",https://archive.org/download/mister-manuals/1989_Sega%20Genesis.zip/1989_Sega%20Genesis%2FAdventures%20of%20Rocky%20and%20Bullwinkle%20and%20Friends%2C%20The.pdf,1692161,e2702242456b974322c61f710528ceaa,,,"Adventures of Rocky and Bullwinkle and Friends, The.pdf"
docs/MegaDrive/Manuals/Aero the Acro-Bat 2.pdf,https://archive.org/download/mister-manuals/1989_Sega%20Genesis.zip/1989_Sega%20Genesis%2FAero%20the%20Acro-Bat%202.pdf,2831669,9cab567217c74815a2799602d8df2590,,,Aero the Acro-Bat 2.pdf
docs/MegaDrive/Manuals/Aero the Acro-Bat.pdf,https://archive.org/download/mister-manuals/1989_Sega%20Genesis.zip/1989_Sega%20Genesis%2FAero%20the%20Acro-Bat.pdf,3451021,96389759dfa717285d6eb6805b92f581,,,Aero the Acro-Bat.pdf
docs/MegaDrive/Manuals/Aerobiz Supersonic.pdf,https://archive.org/download/mister-manuals/1989_Sega%20Genesis.zip/1989_Sega%20Genesis%2FAerobiz%20Supersonic.pdf,1739899,fe92abdce97351f76e8f7672b6f63ee3,,,Aerobiz Supersonic.pdf
docs/MegaDrive/Manuals/Aerobiz.pdf,https://archive.org/download/mister-manuals/1989_Sega%20Genesis.zip/1989_Sega%20Genesis%2FAerobiz.pdf,4310362,0d92796a8cabb16d1d8a34e931d4a926,,,Aerobiz.pdf
docs/MegaDrive/Manuals/After Burner II.pdf,https://archive.org/download/mister-manuals/1989_Sega%20Genesis.zip/1989_Sega%20Genesis%2FAfter%20Burner%20II.pdf,1030227,144559d5de8f051bb2a87f898a284443,,,After Burner II.pdf
docs/MegaDrive/Manuals/Air Buster.pdf,https://archive.org/download/mister-manuals/1989_Sega%20Genesis.zip/1989_Sega%20Genesis%2FAir%20Buster.pdf,2324937,2da4180d9fceff69d150f2161cd28468,,,Air Buster.pdf
docs/MegaDrive/Manuals/Air Diver.pdf,https://archive.org/download/mister-manuals/1989_Sega%20Genesis.zip/1989_Sega%20Genesis%2FAir%20Diver.pdf,1763980,f983818efc8b0e30963832d10d2c1661,,,Air Diver.pdf
docs/MegaDrive/Manuals/Aladdin.pdf,https://archive.org/download/mister-manuals/1989_Sega%20Genesis.zip/1989_Sega%20Genesis%2FAladdin.pdf,2372908,7c6e6a3ccf9078a2c59de0a960a18441,,,Aladdin.pdf
docs/MegaDrive/Manuals/Alex Kidd in the Enchanted Castle.pdf,https://archive.org/download/mister-manuals/1989_Sega%20Genesis.zip/1989_Sega%20Genesis%2FAlex%20Kidd%20in%20the%20Enchanted%20Castle.pdf,4313126,309ecd343b3e81247f0f86d45fc29a43,,,Alex Kidd in the Enchanted Castle.pdf
docs/MegaDrive/Manuals/Alien 3.pdf,https://archive.org/download/mister-manuals/1989_Sega%20Genesis.zip/1989_Sega%20Genesis%2FAlien%203.pdf,2552326,4219a6f110a9186ca95e3586a1f69424,,,Alien 3.pdf
docs/MegaDrive/Manuals/Alien Soldier.pdf,https://archive.org/download/mister-manuals/1989_Sega%20Genesis.zip/1989_Sega%20Genesis%2FAlien%20Soldier.pdf,4188613,2b72aba4dcddc36957e9985385216cf8,,,Alien Soldier.pdf
docs/MegaDrive/Manuals/Alien Storm.pdf,https://archive.org/download/mister-manuals/1989_Sega%20Genesis.zip/1989_Sega%20Genesis%2FAlien%20Storm.pdf,3439122,bdec2566cec8a19a37f65679760ba778,,,Alien Storm.pdf
docs/MegaDrive/Manuals/Alisia Dragoon.pdf,https://archive.org/download/mister-manuals/1989_Sega%20Genesis.zip/1989_Sega%20Genesis%2FAlisia%20Dragoon.pdf,3940067,0f1fd77acf03b51ca8be4006fa652c28,,,Alisia Dragoon.pdf
docs/MegaDrive/Manuals/Altered Beast.pdf,https://archive.org/download/mister-manuals/1989_Sega%20Genesis.zip/1989_Sega%20Genesis%2FAltered%20Beast.pdf,5072004,242d7025eab2bf6a1134de777987a848,,,Altered Beast.pdf
docs/MegaDrive/Manuals/Amazing Tennis.pdf,https://archive.org/download/mister-manuals/1989_Sega%20Genesis.zip/1989_Sega%20Genesis%2FAmazing%20Tennis.pdf,1885899,8fd50a8422c6a4e651fed47fdf08d963,,,Amazing Tennis.pdf
docs/MegaDrive/Manuals/American Gladiators.pdf,https://archive.org/download/mister-manuals/1989_Sega%20Genesis.zip/1989_Sega%20Genesis%2FAmerican%20Gladiators.pdf,3561198,808a9aeceb020431dcf40aecf4e67670,,,American Gladiators.pdf
docs/MegaDrive/Manuals/Andre Agassi Tennis.pdf,https://archive.org/download/mister-manuals/1989_Sega%20Genesis.zip/1989_Sega%20Genesis%2FAndre%20Agassi%20Tennis.pdf,3663664,a3304927ee81c7cf4978aa83bdca1963,,,Andre Agassi Tennis.pdf
docs/MegaDrive/Manuals/Animaniacs.pdf,https://archive.org/download/mister-manuals/1989_Sega%20Genesis.zip/1989_Sega%20Genesis%2FAnimaniacs.pdf,3378445,d4edd7c005db491edfd24465f2b9fae2,,,Animaniacs.pdf
"docs/MegaDrive/Manuals/Aquatic Games starring James Pond and the Aquabats, The.pdf",https://archive.org/download/mister-manuals/1989_Sega%20Genesis.zip/1989_Sega%20Genesis%2FAquatic%20Games%20starring%20James%20Pond%20and%20the%20Aquabats%2C%20The.pdf,801504,c807cb2a2da2078c5678efd5a49289f9,,,"Aquatic Games starring James Pond and the Aquabats, The.pdf"
docs/MegaDrive/Manuals/Arcade Classics.pdf,https://archive.org/download/mister-manuals/1989_Sega%20Genesis.zip/1989_Sega%20Genesis%2FArcade%20Classics.pdf,4137541,916d945e43179f6bc5657bf4713e77ab,,,Arcade Classics.pdf
docs/MegaDrive/Manuals/Arch Rivals.pdf,https://archive.org/download/mister-manuals/1989_Sega%20Genesis.zip/1989_Sega%20Genesis%2FArch%20Rivals.pdf,3124954,b7c8507fbb601454b4e9a6cf891cf4a1,,,Arch Rivals.pdf
docs/MegaDrive/Manuals/Arcus Odyssey.pdf,https://archive.org/download/mister-manuals/1989_Sega%20Genesis.zip/1989_Sega%20Genesis%2FArcus%20Odyssey.pdf,2876663,e005ef3a700391e5efe71081e1be3438,,,Arcus Odyssey.pdf
docs/MegaDrive/Manuals/Ariel the Little Mermaid.pdf,https://archive.org/download/mister-manuals/1989_Sega%20Genesis.zip/1989_Sega%20Genesis%2FAriel%20the%20Little%20Mermaid.pdf,2763390,0a1e8c814d8fe32fa84ea49c6da096a4,,,Ariel the Little Mermaid.pdf
docs/MegaDrive/Manuals/Arnold Palmer Tournament Golf.pdf,https://archive.org/download/mister-manuals/1989_Sega%20Genesis.zip/1989_Sega%20Genesis%2FArnold%20Palmer%20Tournament%20Golf.pdf,4918552,408387d006c968431e8f7795ffbdb7f0,,,Arnold Palmer Tournament Golf.pdf
docs/MegaDrive/Manuals/Arrow Flash.pdf,https://archive.org/download/mister-manuals/1989_Sega%20Genesis.zip/1989_Sega%20Genesis%2FArrow%20Flash.pdf,1633312,1c93db6bd2b9197a844cf2a5c4c8b997,,,Arrow Flash.pdf
docs/MegaDrive/Manuals/Art Alive!.pdf,https://archive.org/download/mister-manuals/1989_Sega%20Genesis.zip/1989_Sega%20Genesis%2FArt%20Alive%21.pdf,879134,589ab5f4c7be2c82d9b74d619caeda16,,,Art Alive!.pdf
docs/MegaDrive/Manuals/Art of Fighting.pdf,https://archive.org/download/mister-manuals/1989_Sega%20Genesis.zip/1989_Sega%20Genesis%2FArt%20of%20Fighting.pdf,2594232,4297bbf6e48d3b875b91e10e7f7dfb7c,,,Art of Fighting.pdf
docs/MegaDrive/Manuals/Asterix and the Great Rescue.pdf,https://archive.org/download/mister-manuals/1989_Sega%20Genesis.zip/1989_Sega%20Genesis%2FAsterix%20and%20the%20Great%20Rescue.pdf,1849302,4896e271a868fb843f98fbe798d38b1e,,,Asterix and the Great Rescue.pdf
docs/MegaDrive/Manuals/Atomic Robo-Kid.pdf,https://archive.org/download/mister-manuals/1989_Sega%20Genesis.zip/1989_Sega%20Genesis%2FAtomic%20Robo-Kid.pdf,1603523,ebfe55c0ae5b33a82e7f160693eaa07f,,,Atomic Robo-Kid.pdf
docs/MegaDrive/Manuals/Atomic Runner.pdf,https://archive.org/download/mister-manuals/1989_Sega%20Genesis.zip/1989_Sega%20Genesis%2FAtomic%20Runner.pdf,5045965,d6d5c8b9c0aa8b7f6eeb0fbf92c2db6e,,,Atomic Runner.pdf
docs/MegaDrive/Manuals/Awesome Possum Kicks Dr. Machino's Butt.pdf,https://archive.org/download/mister-manuals/1989_Sega%20Genesis.zip/1989_Sega%20Genesis%2FAwesome%20Possum%20Kicks%20Dr.%20Machino_s%20Butt.pdf,2392360,babfc84121c5ea8a5d22777215dada7c,,,Awesome Possum Kicks Dr. Machino_s Butt.pdf
docs/MegaDrive/Manuals/Ayrton Senna's Super Monaco GP II.pdf,https://archive.org/download/mister-manuals/1989_Sega%20Genesis.zip/1989_Sega%20Genesis%2FAyrton%20Senna_s%20Super%20Monaco%20GP%20II.pdf,3253751,90bbbadebd9f223b59910b6d9cc0c9a9,,,Ayrton Senna_s Super Monaco GP II.pdf
docs/MegaDrive/Manuals/B.O.B..pdf,https://archive.org/download/mister-manuals/1989_Sega%20Genesis.zip/1989_Sega%20Genesis%2FB.O.B..pdf,3385717,9798954a0a5885180e6ef0ccb592bf3d,,,B.O.B..pdf
docs/MegaDrive/Manuals/Back to the Future Part III.pdf,https://archive.org/download/mister-manuals/1989_Sega%20Genesis.zip/1989_Sega%20Genesis%2FBack%20to%20the%20Future%20Part%20III.pdf,2364242,06a05b00df5fe693e9705190bb2942a4,,,Back to the Future Part III.pdf
docs/MegaDrive/Manuals/Ballz 3D - Fighting at its Ballziest.pdf,https://archive.org/download/mister-manuals/1989_Sega%20Genesis.zip/1989_Sega%20Genesis%2FBallz%203D%20-%20Fighting%20at%20its%20Ballziest.pdf,3457924,0d8fda8d5044634d4e0ec0d721448ef6,,,Ballz 3D - Fighting at its Ballziest.pdf
docs/MegaDrive/Manuals/Barbie - Super Model.pdf,https://archive.org/download/mister-manuals/1989_Sega%20Genesis.zip/1989_Sega%20Genesis%2FBarbie%20-%20Super%20Model.pdf,2981128,c126316bb2bbd852f701eddd64fa8a68,,,Barbie - Super Model.pdf
docs/MegaDrive/Manuals/Barkley - Shut Up and Jam! .pdf,https://archive.org/download/mister-manuals/1989_Sega%20Genesis.zip/1989_Sega%20Genesis%2FBarkley%20-%20Shut%20Up%20and%20Jam%21%20.pdf,1841687,44c18a384367d61e579fc6b6f15b82c1,,,Barkley - Shut Up and Jam! .pdf
docs/MegaDrive/Manuals/Barkley - Shut Up and Jam! 2.pdf,https://archive.org/download/mister-manuals/1989_Sega%20Genesis.zip/1989_Sega%20Genesis%2FBarkley%20-%20Shut%20Up%20and%20Jam%21%202.pdf,2982077,3a6dd03359af5241768a9af2f8496d8d,,,Barkley - Shut Up and Jam! 2.pdf
docs/MegaDrive/Manuals/Barney's Hide & Seek Game.pdf,https://archive.org/download/mister-manuals/1989_Sega%20Genesis.zip/1989_Sega%20Genesis%2FBarney_s%20Hide%20%26%20Seek%20Game.pdf,1435845,22a6aaef8ec80f26616d51d5484e58e8,,,Barney_s Hide & Seek Game.pdf
docs/MegaDrive/Manuals/Bass Masters Classic - Pro Edition.pdf,https://archive.org/download/mister-manuals/1989_Sega%20Genesis.zip/1989_Sega%20Genesis%2FBass%20Masters%20Classic%20-%20Pro%20Edition.pdf,5371726,54db9f24ee438c0dfefaadacbdd37755,,,Bass Masters Classic - Pro Edition.pdf
docs/MegaDrive/Manuals/Bass Masters Classic.pdf,https://archive.org/download/mister-manuals/1989_Sega%20Genesis.zip/1989_Sega%20Genesis%2FBass%20Masters%20Classic.pdf,2892181,7e79f7e113530939079aed74918235ae,,,Bass Masters Classic.pdf
docs/MegaDrive/Manuals/Batman - Revenge of the Joker.pdf,https://archive.org/download/mister-manuals/1989_Sega%20Genesis.zip/1989_Sega%20Genesis%2FBatman%20-%20Revenge%20of%20the%20Joker.pdf,1806336,5bc1f3bbb5f895ccb9c5492a6fb324e8,,,Batman - Revenge of the Joker.pdf
docs/MegaDrive/Manuals/Batman .pdf,https://archive.org/download/mister-manuals/1989_Sega%20Genesis.zip/1989_Sega%20Genesis%2FBatman%20.pdf,1076242,a4da14c5b4262f791dca3f33828ae2f4,,,Batman .pdf
docs/MegaDrive/Manuals/Batman Forever.pdf,https://archive.org/download/mister-manuals/1989_Sega%20Genesis.zip/1989_Sega%20Genesis%2FBatman%20Forever.pdf,4296651,ea0f8c8439fc988197a1ef83c24bd53b,,,Batman Forever.pdf
docs/MegaDrive/Manuals/Batman Returns.pdf,https://archive.org/download/mister-manuals/1989_Sega%20Genesis.zip/1989_Sega%20Genesis%2FBatman%20Returns.pdf,1791245,c80cf07445d1ead430cf11ed8730efb5,,,Batman Returns.pdf
docs/MegaDrive/Manuals/Battle Squadron.pdf,https://archive.org/download/mister-manuals/1989_Sega%20Genesis.zip/1989_Sega%20Genesis%2FBattle%20Squadron.pdf,2371700,a4b75037e664f5af3a02ed2ce72ccce2,,,Battle Squadron.pdf
docs/MegaDrive/Manuals/BattleMaster.pdf,https://archive.org/download/mister-manuals/1989_Sega%20Genesis.zip/1989_Sega%20Genesis%2FBattleMaster.pdf,2706403,f27778c0254900f718b36be1c6c55ecb,,,BattleMaster.pdf
docs/MegaDrive/Manuals/BattleTech - A Game of Armored Combat.pdf,https://archive.org/download/mister-manuals/1989_Sega%20Genesis.zip/1989_Sega%20Genesis%2FBattleTech%20-%20A%20Game%20of%20Armored%20Combat.pdf,5114959,2f9656186fffb02898e0fff2ae3a3613,,,BattleTech - A Game of Armored Combat.pdf
docs/MegaDrive/Manuals/Battletoads & Double Dragon - The Ultimate Team.pdf,https://archive.org/download/mister-manuals/1989_Sega%20Genesis.zip/1989_Sega%20Genesis%2FBattletoads%20%26%20Double%20Dragon%20-%20The%20Ultimate%20Team.pdf,2690027,d1457f43e0647adba25efa4231f857c7,,,Battletoads & Double Dragon - The Ultimate Team.pdf
docs/MegaDrive/Manuals/Battletoads.pdf,https://archive.org/download/mister-manuals/1989_Sega%20Genesis.zip/1989_Sega%20Genesis%2FBattletoads.pdf,4277651,d71b6d2c5cc7e33eaff4c72566ff9cec,,,Battletoads.pdf
docs/MegaDrive/Manuals/Beast Wrestler.pdf,https://archive.org/download/mister-manuals/1989_Sega%20Genesis.zip/1989_Sega%20Genesis%2FBeast%20Wrestler.pdf,3835384,695a8671711d566be2bb5efb6a0762e6,,,Beast Wrestler.pdf
docs/MegaDrive/Manuals/Beauty and the Beast - Belle's Quest.pdf,https://archive.org/download/mister-manuals/1989_Sega%20Genesis.zip/1989_Sega%20Genesis%2FBeauty%20and%20the%20Beast%20-%20Belle_s%20Quest.pdf,3229024,9b54f416e7684c85d4b416eb1c7d151b,,,Beauty and the Beast - Belle_s Quest.pdf
docs/MegaDrive/Manuals/Beauty and the Beast - Roar of the Beast.pdf,https://archive.org/download/mister-manuals/1989_Sega%20Genesis.zip/1989_Sega%20Genesis%2FBeauty%20and%20the%20Beast%20-%20Roar%20of%20the%20Beast.pdf,3437235,33e6b2dc57f479ffd6b60a9450e6f0aa,,,Beauty and the Beast - Roar of the Beast.pdf
docs/MegaDrive/Manuals/Beavis and Butt-Head.pdf,https://archive.org/download/mister-manuals/1989_Sega%20Genesis.zip/1989_Sega%20Genesis%2FBeavis%20and%20Butt-Head.pdf,2339604,c0f547af162732f339e8a8737e9e5f72,,,Beavis and Butt-Head.pdf
"docs/MegaDrive/Manuals/Berenstain Bears, The - Camping Adventure.pdf",https://archive.org/download/mister-manuals/1989_Sega%20Genesis.zip/1989_Sega%20Genesis%2FBerenstain%20Bears%2C%20The%20-%20Camping%20Adventure.pdf,4914450,6723aeb3ae3eb5bd363964d18ba8cbe6,,,"Berenstain Bears, The - Camping Adventure.pdf"
docs/MegaDrive/Manuals/Best of the Best - Championship Karate.pdf,https://archive.org/download/mister-manuals/1989_Sega%20Genesis.zip/1989_Sega%20Genesis%2FBest%20of%20the%20Best%20-%20Championship%20Karate.pdf,2637452,239be2565601761af2dcb972c1c65d4b,,,Best of the Best - Championship Karate.pdf
docs/MegaDrive/Manuals/Beyond Oasis.pdf,https://archive.org/download/mister-manuals/1989_Sega%20Genesis.zip/1989_Sega%20Genesis%2FBeyond%20Oasis.pdf,2021103,1791624924937bee1199c9f688ee6786,,,Beyond Oasis.pdf
docs/MegaDrive/Manuals/Bible Adventures.pdf,https://archive.org/download/mister-manuals/1989_Sega%20Genesis.zip/1989_Sega%20Genesis%2FBible%20Adventures.pdf,1526948,f507d7b7636f3b9b58aca4486e384686,,,Bible Adventures.pdf
docs/MegaDrive/Manuals/Bill Walsh College Football .pdf,https://archive.org/download/mister-manuals/1989_Sega%20Genesis.zip/1989_Sega%20Genesis%2FBill%20Walsh%20College%20Football%20.pdf,1105025,c657bde639e74c7629f1e04ecc03bad3,,,Bill Walsh College Football .pdf
docs/MegaDrive/Manuals/Bill Walsh College Football 95.pdf,https://archive.org/download/mister-manuals/1989_Sega%20Genesis.zip/1989_Sega%20Genesis%2FBill%20Walsh%20College%20Football%2095.pdf,1910723,577e626684f4be76bb70e4046d4ea6cd,,,Bill Walsh College Football 95.pdf
docs/MegaDrive/Manuals/Bimini Run.pdf,https://archive.org/download/mister-manuals/1989_Sega%20Genesis.zip/1989_Sega%20Genesis%2FBimini%20Run.pdf,3299597,14a87e01cb718ae437ecf11805fb04fd,,,Bimini Run.pdf
docs/MegaDrive/Manuals/Bio-Hazard Battle.pdf,https://archive.org/download/mister-manuals/1989_Sega%20Genesis.zip/1989_Sega%20Genesis%2FBio-Hazard%20Battle.pdf,1507864,2a8d5b050b1fb670908a12d52b2bfcd5,,,Bio-Hazard Battle.pdf
docs/MegaDrive/Manuals/Blades of Vengeance.pdf,https://archive.org/download/mister-manuals/1989_Sega%20Genesis.zip/1989_Sega%20Genesis%2FBlades%20of%20Vengeance.pdf,1546308,a7c31f41ad4203df01f6627a5d821872,,,Blades of Vengeance.pdf
docs/MegaDrive/Manuals/Blaster Master 2.pdf,https://archive.org/download/mister-manuals/1989_Sega%20Genesis.zip/1989_Sega%20Genesis%2FBlaster%20Master%202.pdf,5000699,f40210dc57438ef22ffdfb9fd5b1dd11,,,Blaster Master 2.pdf
docs/MegaDrive/Manuals/Block Out.pdf,https://archive.org/download/mister-manuals/1989_Sega%20Genesis.zip/1989_Sega%20Genesis%2FBlock%20Out.pdf,752296,7e3d993dd6d16ca6b31d15a7c55fcaa9,,,Block Out.pdf
docs/MegaDrive/Manuals/Bonanza Bros..pdf,https://archive.org/download/mister-manuals/1989_Sega%20Genesis.zip/1989_Sega%20Genesis%2FBonanza%20Bros..pdf,843939,4de5abb8cf7456bf1e2bf3bed9ca94df,,,Bonanza Bros..pdf
docs/MegaDrive/Manuals/Bonkers.pdf,https://archive.org/download/mister-manuals/1989_Sega%20Genesis.zip/1989_Sega%20Genesis%2FBonkers.pdf,1976429,cfa9a15bbbb57e9da718aeb8cb276d06,,,Bonkers.pdf
docs/MegaDrive/Manuals/Boogerman - A Pick and Flick Adventure.pdf,https://archive.org/download/mister-manuals/1989_Sega%20Genesis.zip/1989_Sega%20Genesis%2FBoogerman%20-%20A%20Pick%20and%20Flick%20Adventure.pdf,1587863,6775c6ea26e333aa234a26fde8f739a5,,,Boogerman - A Pick and Flick Adventure.pdf
docs/MegaDrive/Manuals/Boxing Legends of the Ring.pdf,https://archive.org/download/mister-manuals/1989_Sega%20Genesis.zip/1989_Sega%20Genesis%2FBoxing%20Legends%20of%20the%20Ring.pdf,2774983,301bcc05d4521740b876df95b2b59ab2,,,Boxing Legends of the Ring.pdf
docs/MegaDrive/Manuals/Bram Stoker's Dracula.pdf,https://archive.org/download/mister-manuals/1989_Sega%20Genesis.zip/1989_Sega%20Genesis%2FBram%20Stoker_s%20Dracula.pdf,1380472,6fcdd1c4a8e3862fe93cfd13404f52e9,,,Bram Stoker_s Dracula.pdf
docs/MegaDrive/Manuals/Brett Hull Hockey 95.pdf,https://archive.org/download/mister-manuals/1989_Sega%20Genesis.zip/1989_Sega%20Genesis%2FBrett%20Hull%20Hockey%2095.pdf,3662951,49404bb4a76dd98be473769e5216595f,,,Brett Hull Hockey 95.pdf
docs/MegaDrive/Manuals/Brian Lara Cricket 96.pdf,https://archive.org/download/mister-manuals/1989_Sega%20Genesis.zip/1989_Sega%20Genesis%2FBrian%20Lara%20Cricket%2096.pdf,612573,aa9bafd4428f2c6835959d97da1093d4,,,Brian Lara Cricket 96.pdf
docs/MegaDrive/Manuals/Brian Lara Cricket.pdf,https://archive.org/download/mister-manuals/1989_Sega%20Genesis.zip/1989_Sega%20Genesis%2FBrian%20Lara%20Cricket.pdf,1777055,1811257c9654199bff60963255d02df4,,,Brian Lara Cricket.pdf
docs/MegaDrive/Manuals/Brutal - Paws of Fury.pdf,https://archive.org/download/mister-manuals/1989_Sega%20Genesis.zip/1989_Sega%20Genesis%2FBrutal%20-%20Paws%20of%20Fury.pdf,3041452,cc6b7b65f7e0c63904064e65938cdbbc,,,Brutal - Paws of Fury.pdf
docs/MegaDrive/Manuals/Bubba 'n' Stix.pdf,https://archive.org/download/mister-manuals/1989_Sega%20Genesis.zip/1989_Sega%20Genesis%2FBubba%20_n_%20Stix.pdf,2866796,3c473381c97cb7ba96ead66504d416b1,,,Bubba _n_ Stix.pdf
docs/MegaDrive/Manuals/Bubble and Squeak.pdf,https://archive.org/download/mister-manuals/1989_Sega%20Genesis.zip/1989_Sega%20Genesis%2FBubble%20and%20Squeak.pdf,3386976,acf0cfe9338e3f372e5d85d342a6a492,,,Bubble and Squeak.pdf
docs/MegaDrive/Manuals/Bubsy II.pdf,https://archive.org/download/mister-manuals/1989_Sega%20Genesis.zip/1989_Sega%20Genesis%2FBubsy%20II.pdf,4994596,69edbc2e6399fd2d7cc36a3ea5b5bc9c,,,Bubsy II.pdf
docs/MegaDrive/Manuals/Bubsy in Claws Encounters of the Furred Kind.pdf,https://archive.org/download/mister-manuals/1989_Sega%20Genesis.zip/1989_Sega%20Genesis%2FBubsy%20in%20Claws%20Encounters%20of%20the%20Furred%20Kind.pdf,2743000,634a9072b81420f4ce9d92a1636721dd,,,Bubsy in Claws Encounters of the Furred Kind.pdf
docs/MegaDrive/Manuals/Buck Rogers - Countdown to Doomsday.pdf,https://archive.org/download/mister-manuals/1989_Sega%20Genesis.zip/1989_Sega%20Genesis%2FBuck%20Rogers%20-%20Countdown%20to%20Doomsday.pdf,4412069,6de25373a6a94be8ef5df629ec903a5d,,,Buck Rogers - Countdown to Doomsday.pdf
docs/MegaDrive/Manuals/Budokan - The Martial Spirit.pdf,https://archive.org/download/mister-manuals/1989_Sega%20Genesis.zip/1989_Sega%20Genesis%2FBudokan%20-%20The%20Martial%20Spirit.pdf,4075062,967d9c9c0d72612134c94b70f6967dc5,,,Budokan - The Martial Spirit.pdf
docs/MegaDrive/Manuals/Bugs Bunny in Double Trouble.pdf,https://archive.org/download/mister-manuals/1989_Sega%20Genesis.zip/1989_Sega%20Genesis%2FBugs%20Bunny%20in%20Double%20Trouble.pdf,833690,5504c72c51ed0b4c2e29854df3b7355e,,,Bugs Bunny in Double Trouble.pdf
docs/MegaDrive/Manuals/Bulls vs. Blazers and the NBA Playoffs.pdf,https://archive.org/download/mister-manuals/1989_Sega%20Genesis.zip/1989_Sega%20Genesis%2FBulls%20vs.%20Blazers%20and%20the%20NBA%20Playoffs.pdf,974857,07864da574a64aa576487429e5648e7c,,,Bulls vs. Blazers and the NBA Playoffs.pdf
docs/MegaDrive/Manuals/Bulls vs. Lakers and the NBA Playoffs.pdf,https://archive.org/download/mister-manuals/1989_Sega%20Genesis.zip/1989_Sega%20Genesis%2FBulls%20vs.%20Lakers%20and%20the%20NBA%20Playoffs.pdf,846618,8d9d5de51885b672fca299d10769ce1f,,,Bulls vs. Lakers and the NBA Playoffs.pdf
docs/MegaDrive/Manuals/Burning Force.pdf,https://archive.org/download/mister-manuals/1989_Sega%20Genesis.zip/1989_Sega%20Genesis%2FBurning%20Force.pdf,1481020,585ae39e9545860d76d762294b5fd854,,,Burning Force.pdf
docs/MegaDrive/Manuals/Cadash.pdf,https://archive.org/download/mister-manuals/1989_Sega%20Genesis.zip/1989_Sega%20Genesis%2FCadash.pdf,1265450,1c42328348bb43456ba07061756e8365,,,Cadash.pdf
docs/MegaDrive/Manuals/Caesars Palace.pdf,https://archive.org/download/mister-manuals/1989_Sega%20Genesis.zip/1989_Sega%20Genesis%2FCaesars%20Palace.pdf,3325719,94ddacedd6a9f8a50f958690866a5c3e,,,Caesars Palace.pdf
docs/MegaDrive/Manuals/Cal Ripken Jr. Baseball.pdf,https://archive.org/download/mister-manuals/1989_Sega%20Genesis.zip/1989_Sega%20Genesis%2FCal%20Ripken%20Jr.%20Baseball.pdf,1721838,47b64eed2fd6b805cf966b26754376d4,,,Cal Ripken Jr. Baseball.pdf
docs/MegaDrive/Manuals/Caliber .50.pdf,https://archive.org/download/mister-manuals/1989_Sega%20Genesis.zip/1989_Sega%20Genesis%2FCaliber%20.50.pdf,1699310,e7519e5efa42e5522cd49ee480efecbe,,,Caliber .50.pdf
docs/MegaDrive/Manuals/California Games.pdf,https://archive.org/download/mister-manuals/1989_Sega%20Genesis.zip/1989_Sega%20Genesis%2FCalifornia%20Games.pdf,3174041,eaf8ac278247665899862049f719f0d6,,,California Games.pdf
docs/MegaDrive/Manuals/Cannon Fodder.pdf,https://archive.org/download/mister-manuals/1989_Sega%20Genesis.zip/1989_Sega%20Genesis%2FCannon%20Fodder.pdf,1600326,93e5a069de7f6f6cf02b13d15f965b9b,,,Cannon Fodder.pdf
docs/MegaDrive/Manuals/Captain America and the Avengers.pdf,https://archive.org/download/mister-manuals/1989_Sega%20Genesis.zip/1989_Sega%20Genesis%2FCaptain%20America%20and%20the%20Avengers.pdf,1406725,e5be273e69311195f3d0d02e8b67e2c3,,,Captain America and the Avengers.pdf
docs/MegaDrive/Manuals/Captain Planet and the Planeteers.pdf,https://archive.org/download/mister-manuals/1989_Sega%20Genesis.zip/1989_Sega%20Genesis%2FCaptain%20Planet%20and%20the%20Planeteers.pdf,2093654,9f1e31b842ec87d45ad4a906482669e7,,,Captain Planet and the Planeteers.pdf
docs/MegaDrive/Manuals/Castle of Illusion starring Mickey Mouse.pdf,https://archive.org/download/mister-manuals/1989_Sega%20Genesis.zip/1989_Sega%20Genesis%2FCastle%20of%20Illusion%20starring%20Mickey%20Mouse.pdf,3914574,016da1dd7da2259fe21580a99a7feffd,,,Castle of Illusion starring Mickey Mouse.pdf
docs/MegaDrive/Manuals/Castlevania - Bloodlines.pdf,https://archive.org/download/mister-manuals/1989_Sega%20Genesis.zip/1989_Sega%20Genesis%2FCastlevania%20-%20Bloodlines.pdf,1363004,3a4e0a26ab5cd91c91b767526e76ddcf,,,Castlevania - Bloodlines.pdf
docs/MegaDrive/Manuals/Centurion - Defender of Rome.pdf,https://archive.org/download/mister-manuals/1989_Sega%20Genesis.zip/1989_Sega%20Genesis%2FCenturion%20-%20Defender%20of%20Rome.pdf,2371365,d551762c5284c8b92f9e32ca9d7881d7,,,Centurion - Defender of Rome.pdf
docs/MegaDrive/Manuals/Chakan - The Forever Man.pdf,https://archive.org/download/mister-manuals/1989_Sega%20Genesis.zip/1989_Sega%20Genesis%2FChakan%20-%20The%20Forever%20Man.pdf,1462851,858017150825f112d57cd9a21199f910,,,Chakan - The Forever Man.pdf
docs/MegaDrive/Manuals/Champions World Class Soccer.pdf,https://archive.org/download/mister-manuals/1989_Sega%20Genesis.zip/1989_Sega%20Genesis%2FChampions%20World%20Class%20Soccer.pdf,2851641,5df7a471e1defd970bc6fcea1c67f8b1,,,Champions World Class Soccer.pdf
docs/MegaDrive/Manuals/Championship Bowling.pdf,https://archive.org/download/mister-manuals/1989_Sega%20Genesis.zip/1989_Sega%20Genesis%2FChampionship%20Bowling.pdf,2843712,f4c31928470aaa6bc09f7124592300e7,,,Championship Bowling.pdf
docs/MegaDrive/Manuals/Championship Pool.pdf,https://archive.org/download/mister-manuals/1989_Sega%20Genesis.zip/1989_Sega%20Genesis%2FChampionship%20Pool.pdf,4426469,69befcdae630e501d3796db0faec447d,,,Championship Pool.pdf
docs/MegaDrive/Manuals/Championship Pro-Am.pdf,https://archive.org/download/mister-manuals/1989_Sega%20Genesis.zip/1989_Sega%20Genesis%2FChampionship%20Pro-Am.pdf,2397967,8063d3e3edcb2914b468250054ef3f56,,,Championship Pro-Am.pdf
docs/MegaDrive/Manuals/Chase H.Q. II.pdf,https://archive.org/download/mister-manuals/1989_Sega%20Genesis.zip/1989_Sega%20Genesis%2FChase%20H.Q.%20II.pdf,3996624,fbda55c4c9069bdf198721a65a2001bd,,,Chase H.Q. II.pdf
docs/MegaDrive/Manuals/Cheese Cat-Astrophe starring Speedy Gonzales.pdf,https://archive.org/download/mister-manuals/1989_Sega%20Genesis.zip/1989_Sega%20Genesis%2FCheese%20Cat-Astrophe%20starring%20Speedy%20Gonzales.pdf,714302,88805b4c73ab7c9a9ec41a5ad4bb12ea,,,Cheese Cat-Astrophe starring Speedy Gonzales.pdf
docs/MegaDrive/Manuals/Chester Cheetah - Too Cool to Fool.pdf,https://archive.org/download/mister-manuals/1989_Sega%20Genesis.zip/1989_Sega%20Genesis%2FChester%20Cheetah%20-%20Too%20Cool%20to%20Fool.pdf,2973027,aaeb882d99f1f3fd0b0643ba66835158,,,Chester Cheetah - Too Cool to Fool.pdf
docs/MegaDrive/Manuals/Chester Cheetah - Wild Wild Quest.pdf,https://archive.org/download/mister-manuals/1989_Sega%20Genesis.zip/1989_Sega%20Genesis%2FChester%20Cheetah%20-%20Wild%20Wild%20Quest.pdf,1545539,3af09e421fb338b976e891480e1ffeb5,,,Chester Cheetah - Wild Wild Quest.pdf
docs/MegaDrive/Manuals/Chi Chi's Pro Challenge Golf.pdf,https://archive.org/download/mister-manuals/1989_Sega%20Genesis.zip/1989_Sega%20Genesis%2FChi%20Chi_s%20Pro%20Challenge%20Golf.pdf,1459425,d267d23fb335048810ae5d65c652763e,,,Chi Chi_s Pro Challenge Golf.pdf
docs/MegaDrive/Manuals/Chuck Rock II - Son of Chuck.pdf,https://archive.org/download/mister-manuals/1989_Sega%20Genesis.zip/1989_Sega%20Genesis%2FChuck%20Rock%20II%20-%20Son%20of%20Chuck.pdf,1808945,7eff5f005f1ee9231449dc75a9c465ba,,,Chuck Rock II - Son of Chuck.pdf
docs/MegaDrive/Manuals/Chuck Rock.pdf,https://archive.org/download/mister-manuals/1989_Sega%20Genesis.zip/1989_Sega%20Genesis%2FChuck%20Rock.pdf,2364088,1d178f8ab1ae75cd38ccb74f5c23a7da,,,Chuck Rock.pdf
docs/MegaDrive/Manuals/Clay Fighter.pdf,https://archive.org/download/mister-manuals/1989_Sega%20Genesis.zip/1989_Sega%20Genesis%2FClay%20Fighter.pdf,1502665,0a19dffea2872795f5699c55afbc7f58,,,Clay Fighter.pdf
docs/MegaDrive/Manuals/Cliffhanger.pdf,https://archive.org/download/mister-manuals/1989_Sega%20Genesis.zip/1989_Sega%20Genesis%2FCliffhanger.pdf,3750520,c6f6699d498e745b2e3a49e56f089b23,,,Cliffhanger.pdf
docs/MegaDrive/Manuals/Clue.pdf,https://archive.org/download/mister-manuals/1989_Sega%20Genesis.zip/1989_Sega%20Genesis%2FClue.pdf,1953899,89ee685e9917615da7df557854de83ae,,,Clue.pdf
docs/MegaDrive/Manuals/Coach K College Basketball.pdf,https://archive.org/download/mister-manuals/1989_Sega%20Genesis.zip/1989_Sega%20Genesis%2FCoach%20K%20College%20Basketball.pdf,2065344,5b352670394ee2d4f7c58bc3c485e6d7,,,Coach K College Basketball.pdf
docs/MegaDrive/Manuals/College Football USA 96.pdf,https://archive.org/download/mister-manuals/1989_Sega%20Genesis.zip/1989_Sega%20Genesis%2FCollege%20Football%20USA%2096.pdf,2200888,a598902771c30c6a696164890ddbc197,,,College Football USA 96.pdf
docs/MegaDrive/Manuals/College Football USA 97.pdf,https://archive.org/download/mister-manuals/1989_Sega%20Genesis.zip/1989_Sega%20Genesis%2FCollege%20Football%20USA%2097.pdf,2158571,6fc5e0adcde112a3baffabfa5ef61bcf,,,College Football USA 97.pdf
docs/MegaDrive/Manuals/College Football's National Championship .pdf,https://archive.org/download/mister-manuals/1989_Sega%20Genesis.zip/1989_Sega%20Genesis%2FCollege%20Football_s%20National%20Championship%20.pdf,5475104,6e3a81e1eed00f8f1d0bee60dead62dd,,,College Football_s National Championship .pdf
docs/MegaDrive/Manuals/College Football's National Championship II.pdf,https://archive.org/download/mister-manuals/1989_Sega%20Genesis.zip/1989_Sega%20Genesis%2FCollege%20Football_s%20National%20Championship%20II.pdf,5402508,b0f9884653e74d3036ac4f8d2325e159,,,College Football_s National Championship II.pdf
docs/MegaDrive/Manuals/College Slam.pdf,https://archive.org/download/mister-manuals/1989_Sega%20Genesis.zip/1989_Sega%20Genesis%2FCollege%20Slam.pdf,1911590,00f53df442952e2ae441ed16fb440cc0,,,College Slam.pdf
docs/MegaDrive/Manuals/Columns III - Revenge of Columns.pdf,https://archive.org/download/mister-manuals/1989_Sega%20Genesis.zip/1989_Sega%20Genesis%2FColumns%20III%20-%20Revenge%20of%20Columns.pdf,4638424,236d0ce449b71fdc63309fb35441df05,,,Columns III - Revenge of Columns.pdf
docs/MegaDrive/Manuals/Columns.pdf,https://archive.org/download/mister-manuals/1989_Sega%20Genesis.zip/1989_Sega%20Genesis%2FColumns.pdf,4295325,f1917c658dcfaf315a43142d07117539,,,Columns.pdf
docs/MegaDrive/Manuals/Combat Cars.pdf,https://archive.org/download/mister-manuals/1989_Sega%20Genesis.zip/1989_Sega%20Genesis%2FCombat%20Cars.pdf,942033,d0dbc095f901162aeb566a34300358bd,,,Combat Cars.pdf
docs/MegaDrive/Manuals/Comix Zone.pdf,https://archive.org/download/mister-manuals/1989_Sega%20Genesis.zip/1989_Sega%20Genesis%2FComix%20Zone.pdf,2082576,bdc5e13dac3b8c8b8e4f31a9aed773b6,,,Comix Zone.pdf
docs/MegaDrive/Manuals/Contra - Hard Corps.pdf,https://archive.org/download/mister-manuals/1989_Sega%20Genesis.zip/1989_Sega%20Genesis%2FContra%20-%20Hard%20Corps.pdf,1869830,153f8c2500fab08f33cd069f69a0334d,,,Contra - Hard Corps.pdf
docs/MegaDrive/Manuals/Cool Spot.pdf,https://archive.org/download/mister-manuals/1989_Sega%20Genesis.zip/1989_Sega%20Genesis%2FCool%20Spot.pdf,1863238,035e855f579cf1e2868a1b4e51cfaa6d,,,Cool Spot.pdf
docs/MegaDrive/Manuals/Cosmic Spacehead.pdf,https://archive.org/download/mister-manuals/1989_Sega%20Genesis.zip/1989_Sega%20Genesis%2FCosmic%20Spacehead.pdf,2330013,caf3155eeb12bc60f6b6a199a5e267e5,,,Cosmic Spacehead.pdf
docs/MegaDrive/Manuals/Crack Down.pdf,https://archive.org/download/mister-manuals/1989_Sega%20Genesis.zip/1989_Sega%20Genesis%2FCrack%20Down.pdf,2492807,2258f2b7463a53aa2a114437463c1fcf,,,Crack Down.pdf
docs/MegaDrive/Manuals/CrossFire.pdf,https://archive.org/download/mister-manuals/1989_Sega%20Genesis.zip/1989_Sega%20Genesis%2FCrossFire.pdf,3725599,13c2fac27afe12a949af47224195cf05,,,CrossFire.pdf
docs/MegaDrive/Manuals/Crue Ball - Heavy Metal Pinball.pdf,https://archive.org/download/mister-manuals/1989_Sega%20Genesis.zip/1989_Sega%20Genesis%2FCrue%20Ball%20-%20Heavy%20Metal%20Pinball.pdf,3598087,d6d420e6d11fb5ce3d43dbd5e798d5f4,,,Crue Ball - Heavy Metal Pinball.pdf
docs/MegaDrive/Manuals/Crusader of Centy.pdf,https://archive.org/download/mister-manuals/1989_Sega%20Genesis.zip/1989_Sega%20Genesis%2FCrusader%20of%20Centy.pdf,3626257,54f61c6952a29b6208a4da82e649f1b6,,,Crusader of Centy.pdf
docs/MegaDrive/Manuals/Crystal's Pony Tale.pdf,https://archive.org/download/mister-manuals/1989_Sega%20Genesis.zip/1989_Sega%20Genesis%2FCrystal_s%20Pony%20Tale.pdf,3199806,835be51d607ce635b157d36df1727786,,,Crystal_s Pony Tale.pdf
docs/MegaDrive/Manuals/Cutthroat Island.pdf,https://archive.org/download/mister-manuals/1989_Sega%20Genesis.zip/1989_Sega%20Genesis%2FCutthroat%20Island.pdf,3575979,6db8cf0680092952c44ef4ae8c2a7f50,,,Cutthroat Island.pdf
docs/MegaDrive/Manuals/Cyber-Cop.pdf,https://archive.org/download/mister-manuals/1989_Sega%20Genesis.zip/1989_Sega%20Genesis%2FCyber-Cop.pdf,1751795,4a5351b9655c424bc131eec0843957f0,,,Cyber-Cop.pdf
docs/MegaDrive/Manuals/Cyberball.pdf,https://archive.org/download/mister-manuals/1989_Sega%20Genesis.zip/1989_Sega%20Genesis%2FCyberball.pdf,5234889,6a4b9dfd2bfd1cf907402871a1e7be00,,,Cyberball.pdf
docs/MegaDrive/Manuals/Cyborg Justice.pdf,https://archive.org/download/mister-manuals/1989_Sega%20Genesis.zip/1989_Sega%20Genesis%2FCyborg%20Justice.pdf,3076067,4948330678fca51a027dcb3023cb0439,,,Cyborg Justice.pdf
docs/MegaDrive/Manuals/DJ Boy.pdf,https://archive.org/download/mister-manuals/1989_Sega%20Genesis.zip/1989_Sega%20Genesis%2FDJ%20Boy.pdf,4070518,ee02a6bd2743d3bf594e79758f98cd73,,,DJ Boy.pdf
docs/MegaDrive/Manuals/Darius.pdf,https://archive.org/download/mister-manuals/1989_Sega%20Genesis.zip/1989_Sega%20Genesis%2FDarius.pdf,2977513,fe56da1219a3ab57c2485b4d5843c18d,,,Darius.pdf
docs/MegaDrive/Manuals/Dark Castle.pdf,https://archive.org/download/mister-manuals/1989_Sega%20Genesis.zip/1989_Sega%20Genesis%2FDark%20Castle.pdf,890293,9aa1c2adf8b3f89ba9737f73c69a30f1,,,Dark Castle.pdf
docs/MegaDrive/Manuals/Dashin' Desperadoes.pdf,https://archive.org/download/mister-manuals/1989_Sega%20Genesis.zip/1989_Sega%20Genesis%2FDashin_%20Desperadoes.pdf,1293473,4f25ee63e9fecb7f09bce987859feb01,,,Dashin_ Desperadoes.pdf
docs/MegaDrive/Manuals/David Robinson's Supreme Court.pdf,https://archive.org/download/mister-manuals/1989_Sega%20Genesis.zip/1989_Sega%20Genesis%2FDavid%20Robinson_s%20Supreme%20Court.pdf,4269175,306839bd6bafba78afff912a9024b054,,,David Robinson_s Supreme Court.pdf
docs/MegaDrive/Manuals/Davis Cup Tennis.pdf,https://archive.org/download/mister-manuals/1989_Sega%20Genesis.zip/1989_Sega%20Genesis%2FDavis%20Cup%20Tennis.pdf,1017457,eb6a06d1003037e7cd62d5f4da64aa2f,,,Davis Cup Tennis.pdf
docs/MegaDrive/Manuals/Daze Before Christmas.pdf,https://archive.org/download/mister-manuals/1989_Sega%20Genesis.zip/1989_Sega%20Genesis%2FDaze%20Before%20Christmas.pdf,3198008,9f7ab5220584a314abe7e4c420fb0d84,,,Daze Before Christmas.pdf
docs/MegaDrive/Manuals/Deadly Moves.pdf,https://archive.org/download/mister-manuals/1989_Sega%20Genesis.zip/1989_Sega%20Genesis%2FDeadly%20Moves.pdf,1507643,c447113bfc00c162e0f5500bd23a6dc8,,,Deadly Moves.pdf
docs/MegaDrive/Manuals/Death Duel.pdf,https://archive.org/download/mister-manuals/1989_Sega%20Genesis.zip/1989_Sega%20Genesis%2FDeath%20Duel.pdf,3276528,7007f8f496926a0cdea4df40a2072b1a,,,Death Duel.pdf
docs/MegaDrive/Manuals/DecapAttack.pdf,https://archive.org/download/mister-manuals/1989_Sega%20Genesis.zip/1989_Sega%20Genesis%2FDecapAttack.pdf,4957729,e4a87e0716880e8ce1dbea4090f94cec,,,DecapAttack.pdf
docs/MegaDrive/Manuals/Desert Demolition starring Road Runner and Wile E. Coyote.pdf,https://archive.org/download/mister-manuals/1989_Sega%20Genesis.zip/1989_Sega%20Genesis%2FDesert%20Demolition%20starring%20Road%20Runner%20and%20Wile%20E.%20Coyote.pdf,2974020,7697a6c2898f4d380d66ed0921154011,,,Desert Demolition starring Road Runner and Wile E. Coyote.pdf
docs/MegaDrive/Manuals/Desert Strike - Return to the Gulf.pdf,https://archive.org/download/mister-manuals/1989_Sega%20Genesis.zip/1989_Sega%20Genesis%2FDesert%20Strike%20-%20Return%20to%20the%20Gulf.pdf,4960595,ed94881a11b8a41dae6fbcb00bb123eb,,,Desert Strike - Return to the Gulf.pdf
docs/MegaDrive/Manuals/Devilish - The Next Possession.pdf,https://archive.org/download/mister-manuals/1989_Sega%20Genesis.zip/1989_Sega%20Genesis%2FDevilish%20-%20The%20Next%20Possession.pdf,2086090,c705e8cefe607af9e03a79d3afb867b3,,,Devilish - The Next Possession.pdf
docs/MegaDrive/Manuals/Dick Tracy.pdf,https://archive.org/download/mister-manuals/1989_Sega%20Genesis.zip/1989_Sega%20Genesis%2FDick%20Tracy.pdf,2371300,4435d103dacda322fb554839dd643d88,,,Dick Tracy.pdf
docs/MegaDrive/Manuals/Dino Land.pdf,https://archive.org/download/mister-manuals/1989_Sega%20Genesis.zip/1989_Sega%20Genesis%2FDino%20Land.pdf,2343883,50aa69b56706b0c71f06c8931d05e9e3,,,Dino Land.pdf
"docs/MegaDrive/Manuals/Dinosaur's Tale, A.pdf",https://archive.org/download/mister-manuals/1989_Sega%20Genesis.zip/1989_Sega%20Genesis%2FDinosaur_s%20Tale%2C%20A.pdf,3803266,b8957dd8e6365a594dac018338cc70df,,,"Dinosaur_s Tale, A.pdf"
docs/MegaDrive/Manuals/Dinosaurs for Hire.pdf,https://archive.org/download/mister-manuals/1989_Sega%20Genesis.zip/1989_Sega%20Genesis%2FDinosaurs%20for%20Hire.pdf,2255902,498f6994909ba0c54fe028f5000dd4ab,,,Dinosaurs for Hire.pdf
docs/MegaDrive/Manuals/Donald in Maui Mallard.pdf,https://archive.org/download/mister-manuals/1989_Sega%20Genesis.zip/1989_Sega%20Genesis%2FDonald%20in%20Maui%20Mallard.pdf,2677534,ab1fd609e23b38853d111867b5ea6ce3,,,Donald in Maui Mallard.pdf
docs/MegaDrive/Manuals/Doom Troopers - Mutant Chronicles.pdf,https://archive.org/download/mister-manuals/1989_Sega%20Genesis.zip/1989_Sega%20Genesis%2FDoom%20Troopers%20-%20Mutant%20Chronicles.pdf,1758570,34b503420b68a0b3e42bd5be2177fd0f,,,Doom Troopers - Mutant Chronicles.pdf
docs/MegaDrive/Manuals/Double Dragon .pdf,https://archive.org/download/mister-manuals/1989_Sega%20Genesis.zip/1989_Sega%20Genesis%2FDouble%20Dragon%20.pdf,3525789,b8dff044529ec5f0dd0f4396f466cd89,,,Double Dragon .pdf
docs/MegaDrive/Manuals/Double Dragon 3 - The Arcade Game.pdf,https://archive.org/download/mister-manuals/1989_Sega%20Genesis.zip/1989_Sega%20Genesis%2FDouble%20Dragon%203%20-%20The%20Arcade%20Game.pdf,2014552,a7a6d5413793d272dd4d9e64512f0900,,,Double Dragon 3 - The Arcade Game.pdf
docs/MegaDrive/Manuals/Double Dragon V - The Shadow Falls.pdf,https://archive.org/download/mister-manuals/1989_Sega%20Genesis.zip/1989_Sega%20Genesis%2FDouble%20Dragon%20V%20-%20The%20Shadow%20Falls.pdf,3841922,c306ec4d2eb96463e7f8943d9b4b4a24,,,Double Dragon V - The Shadow Falls.pdf
docs/MegaDrive/Manuals/Double Dribble - The Playoff Edition.pdf,https://archive.org/download/mister-manuals/1989_Sega%20Genesis.zip/1989_Sega%20Genesis%2FDouble%20Dribble%20-%20The%20Playoff%20Edition.pdf,4789390,2e6e8bb70e7209d3b3d4ddc714915dc8,,,Double Dribble - The Playoff Edition.pdf
docs/MegaDrive/Manuals/Dr. Robotnik's Mean Bean Machine.pdf,https://archive.org/download/mister-manuals/1989_Sega%20Genesis.zip/1989_Sega%20Genesis%2FDr.%20Robotnik_s%20Mean%20Bean%20Machine.pdf,4670193,728218fefd4eb48f6d2ffff8244faa8a,,,Dr. Robotnik_s Mean Bean Machine.pdf
docs/MegaDrive/Manuals/Dragon - The Bruce Lee Story.pdf,https://archive.org/download/mister-manuals/1989_Sega%20Genesis.zip/1989_Sega%20Genesis%2FDragon%20-%20The%20Bruce%20Lee%20Story.pdf,4181351,557757a367225bfc9760fb0ee5bf16a9,,,Dragon - The Bruce Lee Story.pdf
docs/MegaDrive/Manuals/Dragon's Fury.pdf,https://archive.org/download/mister-manuals/1989_Sega%20Genesis.zip/1989_Sega%20Genesis%2FDragon_s%20Fury.pdf,2791032,2fbc49f1d60eeb6375c8a2726b49ea41,,,Dragon_s Fury.pdf
docs/MegaDrive/Manuals/Dragon's Revenge.pdf,https://archive.org/download/mister-manuals/1989_Sega%20Genesis.zip/1989_Sega%20Genesis%2FDragon_s%20Revenge.pdf,1932574,d43469ee90a457aa45914bdab9316e64,,,Dragon_s Revenge.pdf
"docs/MegaDrive/Manuals/Duel, The - Test Drive II.pdf",https://archive.org/download/mister-manuals/1989_Sega%20Genesis.zip/1989_Sega%20Genesis%2FDuel%2C%20The%20-%20Test%20Drive%20II.pdf,3819720,34bbf0e6038ca3f0b032b7441d918f4a,,,"Duel, The - Test Drive II.pdf"
docs/MegaDrive/Manuals/Dune - The Battle for Arrakis.pdf,https://archive.org/download/mister-manuals/1989_Sega%20Genesis.zip/1989_Sega%20Genesis%2FDune%20-%20The%20Battle%20for%20Arrakis.pdf,4455649,a2d8e4a6c4a9e8dc63aa1b4bf1c94b92,,,Dune - The Battle for Arrakis.pdf
docs/MegaDrive/Manuals/Dungeons & Dragons - Warriors of the Eternal Sun.pdf,https://archive.org/download/mister-manuals/1989_Sega%20Genesis.zip/1989_Sega%20Genesis%2FDungeons%20%26%20Dragons%20-%20Warriors%20of%20the%20Eternal%20Sun.pdf,7189013,61a7d6db36d15871f7aeea16daf120f9,,,Dungeons & Dragons - Warriors of the Eternal Sun.pdf
docs/MegaDrive/Manuals/Dynamite Duke.pdf,https://archive.org/download/mister-manuals/1989_Sega%20Genesis.zip/1989_Sega%20Genesis%2FDynamite%20Duke.pdf,1063636,1d74f05f726e9f66bc6f42cde158ad9e,,,Dynamite Duke.pdf
docs/MegaDrive/Manuals/Dynamite Headdy.pdf,https://archive.org/download/mister-manuals/1989_Sega%20Genesis.zip/1989_Sega%20Genesis%2FDynamite%20Headdy.pdf,2946030,2f1b17a76891550b30864a0ca45d3153,,,Dynamite Headdy.pdf
docs/MegaDrive/Manuals/ESPN Baseball Tonight.pdf,https://archive.org/download/mister-manuals/1989_Sega%20Genesis.zip/1989_Sega%20Genesis%2FESPN%20Baseball%20Tonight.pdf,4170583,0bacfede733bfc7cb82e9b9d88e137c3,,,ESPN Baseball Tonight.pdf
docs/MegaDrive/Manuals/ESPN National Hockey Night.pdf,https://archive.org/download/mister-manuals/1989_Sega%20Genesis.zip/1989_Sega%20Genesis%2FESPN%20National%20Hockey%20Night.pdf,2796615,b00637504a11e872d7f160d579c96112,,,ESPN National Hockey Night.pdf
docs/MegaDrive/Manuals/ESPN Speed World.pdf,https://archive.org/download/mister-manuals/1989_Sega%20Genesis.zip/1989_Sega%20Genesis%2FESPN%20Speed%20World.pdf,2829013,2fabff49a2dc469b5035ac5cd6fb08b1,,,ESPN Speed World.pdf
docs/MegaDrive/Manuals/ESPN Sunday Night NFL.pdf,https://archive.org/download/mister-manuals/1989_Sega%20Genesis.zip/1989_Sega%20Genesis%2FESPN%20Sunday%20Night%20NFL.pdf,3674161,cc7b19d78edd49193b72618835e5b9fe,,,ESPN Sunday Night NFL.pdf
docs/MegaDrive/Manuals/ESWAT - City Under Siege.pdf,https://archive.org/download/mister-manuals/1989_Sega%20Genesis.zip/1989_Sega%20Genesis%2FESWAT%20-%20City%20Under%20Siege.pdf,2148026,d02a2b63469cb081449faffedf498641,,,ESWAT - City Under Siege.pdf
docs/MegaDrive/Manuals/Earnest Evans.pdf,https://archive.org/download/mister-manuals/1989_Sega%20Genesis.zip/1989_Sega%20Genesis%2FEarnest%20Evans.pdf,2812023,855e67572639721700e513fdd5e0505e,,,Earnest Evans.pdf
docs/MegaDrive/Manuals/Earth Defense.pdf,https://archive.org/download/mister-manuals/1989_Sega%20Genesis.zip/1989_Sega%20Genesis%2FEarth%20Defense.pdf,2937975,6d311d7518d9b790ea21d4de5c519db0,,,Earth Defense.pdf
docs/MegaDrive/Manuals/Earthworm Jim 2.pdf,https://archive.org/download/mister-manuals/1989_Sega%20Genesis.zip/1989_Sega%20Genesis%2FEarthworm%20Jim%202.pdf,3739514,e0a8ee207f20d8f5ed199e2996d8560a,,,Earthworm Jim 2.pdf
docs/MegaDrive/Manuals/Earthworm Jim.pdf,https://archive.org/download/mister-manuals/1989_Sega%20Genesis.zip/1989_Sega%20Genesis%2FEarthworm%20Jim.pdf,2624379,b91856ff586ec4acdfc870d4bf502b55,,,Earthworm Jim.pdf
docs/MegaDrive/Manuals/Ecco - The Tides of Time.pdf,https://archive.org/download/mister-manuals/1989_Sega%20Genesis.zip/1989_Sega%20Genesis%2FEcco%20-%20The%20Tides%20of%20Time.pdf,3962770,5642d06c0a29be7b5eb18f2db1f2b462,,,Ecco - The Tides of Time.pdf
docs/MegaDrive/Manuals/Ecco Jr..pdf,https://archive.org/download/mister-manuals/1989_Sega%20Genesis.zip/1989_Sega%20Genesis%2FEcco%20Jr..pdf,2647074,676e3ade9dc275606ca10e11a7b96704,,,Ecco Jr..pdf
docs/MegaDrive/Manuals/Ecco the Dolphin.pdf,https://archive.org/download/mister-manuals/1989_Sega%20Genesis.zip/1989_Sega%20Genesis%2FEcco%20the%20Dolphin.pdf,1540085,0d4b55e1c1cf5f8094b8a4b39954ebe4,,,Ecco the Dolphin.pdf
docs/MegaDrive/Manuals/El Viento.pdf,https://archive.org/download/mister-manuals/1989_Sega%20Genesis.zip/1989_Sega%20Genesis%2FEl%20Viento.pdf,2139018,32f64510f3206be011b524c5dd38529c,,,El Viento.pdf
docs/MegaDrive/Manuals/Elemental Master.pdf,https://archive.org/download/mister-manuals/1989_Sega%20Genesis.zip/1989_Sega%20Genesis%2FElemental%20Master.pdf,1363168,b60558efdfb49e94d05a1b54668eb49b,,,Elemental Master.pdf
docs/MegaDrive/Manuals/Eternal Champions.pdf,https://archive.org/download/mister-manuals/1989_Sega%20Genesis.zip/1989_Sega%20Genesis%2FEternal%20Champions.pdf,3548941,e6107c5b8e1ee49dc023ae3a38e87ada,,,Eternal Champions.pdf
docs/MegaDrive/Manuals/Evander Holyfield's 'Real Deal' Boxing.pdf,https://archive.org/download/mister-manuals/1989_Sega%20Genesis.zip/1989_Sega%20Genesis%2FEvander%20Holyfield_s%20_Real%20Deal_%20Boxing.pdf,2843862,6c572f1d72f4689a4bbb0544a2edce64,,,Evander Holyfield_s _Real Deal_ Boxing.pdf
docs/MegaDrive/Manuals/Ex-Mutants.pdf,https://archive.org/download/mister-manuals/1989_Sega%20Genesis.zip/1989_Sega%20Genesis%2FEx-Mutants.pdf,2123436,6a6a18f7f9e7beb0f4836f94999ed027,,,Ex-Mutants.pdf
docs/MegaDrive/Manuals/Exile.pdf,https://archive.org/download/mister-manuals/1989_Sega%20Genesis.zip/1989_Sega%20Genesis%2FExile.pdf,2297948,218fb0fefe9b0a114c44cb841df10573,,,Exile.pdf
docs/MegaDrive/Manuals/Exo Squad.pdf,https://archive.org/download/mister-manuals/1989_Sega%20Genesis.zip/1989_Sega%20Genesis%2FExo%20Squad.pdf,2242791,ac6085731ecaec2917991e29127f692f,,,Exo Squad.pdf
docs/MegaDrive/Manuals/Exodus - Journey to the Promised Land.pdf,https://archive.org/download/mister-manuals/1989_Sega%20Genesis.zip/1989_Sega%20Genesis%2FExodus%20-%20Journey%20to%20the%20Promised%20Land.pdf,2758838,eed373b02368ee496ccb1630c20132a5,,,Exodus - Journey to the Promised Land.pdf
docs/MegaDrive/Manuals/F-117 Night Storm.pdf,https://archive.org/download/mister-manuals/1989_Sega%20Genesis.zip/1989_Sega%20Genesis%2FF-117%20Night%20Storm.pdf,1693750,5209a508cfbaed5e3cce7c7a8d0e7e5d,,,F-117 Night Storm.pdf
docs/MegaDrive/Manuals/F-15 Strike Eagle II.pdf,https://archive.org/download/mister-manuals/1989_Sega%20Genesis.zip/1989_Sega%20Genesis%2FF-15%20Strike%20Eagle%20II.pdf,2832303,065b31c758ca937af37b370562421eb4,,,F-15 Strike Eagle II.pdf
docs/MegaDrive/Manuals/F-22 Interceptor.pdf,https://archive.org/download/mister-manuals/1989_Sega%20Genesis.zip/1989_Sega%20Genesis%2FF-22%20Interceptor.pdf,3569709,0cc9f7cc4d678db69224407b994f508c,,,F-22 Interceptor.pdf
docs/MegaDrive/Manuals/FIFA International Soccer.pdf,https://archive.org/download/mister-manuals/1989_Sega%20Genesis.zip/1989_Sega%20Genesis%2FFIFA%20International%20Soccer.pdf,3877202,077621d80f9471ac2824095937742c02,,,FIFA International Soccer.pdf
docs/MegaDrive/Manuals/FIFA Soccer 95.pdf,https://archive.org/download/mister-manuals/1989_Sega%20Genesis.zip/1989_Sega%20Genesis%2FFIFA%20Soccer%2095.pdf,1494023,f6e9f8b4d9d334be84f11a966a553638,,,FIFA Soccer 95.pdf
docs/MegaDrive/Manuals/FIFA Soccer 96.pdf,https://archive.org/download/mister-manuals/1989_Sega%20Genesis.zip/1989_Sega%20Genesis%2FFIFA%20Soccer%2096.pdf,3636920,2f3f1d0a359dfdaeb62cd7f0e9d7c38e,,,FIFA Soccer 96.pdf
"docs/MegaDrive/Manuals/Faery Tale Adventure, The.pdf",https://archive.org/download/mister-manuals/1989_Sega%20Genesis.zip/1989_Sega%20Genesis%2FFaery%20Tale%20Adventure%2C%20The.pdf,3792722,1f0d4f06ea43c321129546fd367a659c,,,"Faery Tale Adventure, The.pdf"
docs/MegaDrive/Manuals/Family Feud.pdf,https://archive.org/download/mister-manuals/1989_Sega%20Genesis.zip/1989_Sega%20Genesis%2FFamily%20Feud.pdf,4415064,867a203a1f94afa03701c23c409d6abc,,,Family Feud.pdf
docs/MegaDrive/Manuals/Fantasia.pdf,https://archive.org/download/mister-manuals/1989_Sega%20Genesis.zip/1989_Sega%20Genesis%2FFantasia.pdf,4950055,082263eee8db7d7d669d9f5d8bbc76c8,,,Fantasia.pdf
docs/MegaDrive/Manuals/Fantastic Dizzy.pdf,https://archive.org/download/mister-manuals/1989_Sega%20Genesis.zip/1989_Sega%20Genesis%2FFantastic%20Dizzy.pdf,1514131,ac2acb01da5217db698f06a301f86387,,,Fantastic Dizzy.pdf
docs/MegaDrive/Manuals/Fantazy Zone.pdf,https://archive.org/download/mister-manuals/1989_Sega%20Genesis.zip/1989_Sega%20Genesis%2FFantazy%20Zone.pdf,2682947,d167f6bab5d759eaf1b6800554cac433,,,Fantazy Zone.pdf
docs/MegaDrive/Manuals/Fatal Fury - King of Fighters.pdf,https://archive.org/download/mister-manuals/1989_Sega%20Genesis.zip/1989_Sega%20Genesis%2FFatal%20Fury%20-%20King%20of%20Fighters.pdf,3652761,1284dba38e1d31a7eb720c8046fad8f7,,,Fatal Fury - King of Fighters.pdf
docs/MegaDrive/Manuals/Fatal Fury 2.pdf,https://archive.org/download/mister-manuals/1989_Sega%20Genesis.zip/1989_Sega%20Genesis%2FFatal%20Fury%202.pdf,3915871,c21c89087f2cb55d9aedcd3f85c25e8e,,,Fatal Fury 2.pdf
docs/MegaDrive/Manuals/Fatal Labyrinth.pdf,https://archive.org/download/mister-manuals/1989_Sega%20Genesis.zip/1989_Sega%20Genesis%2FFatal%20Labyrinth.pdf,2930252,18c61eb8f960c58a865eb86ce6c5bd34,,,Fatal Labyrinth.pdf
docs/MegaDrive/Manuals/Fatal Rewind.pdf,https://archive.org/download/mister-manuals/1989_Sega%20Genesis.zip/1989_Sega%20Genesis%2FFatal%20Rewind.pdf,2366741,df3038e3a2d7694e6096f3348201f092,,,Fatal Rewind.pdf
docs/MegaDrive/Manuals/Ferrari Grand Prix Challenge.pdf,https://archive.org/download/mister-manuals/1989_Sega%20Genesis.zip/1989_Sega%20Genesis%2FFerrari%20Grand%20Prix%20Challenge.pdf,3994912,fef2f3f377cb7814b4112d75df0b2aa4,,,Ferrari Grand Prix Challenge.pdf
docs/MegaDrive/Manuals/Fighting Masters.pdf,https://archive.org/download/mister-manuals/1989_Sega%20Genesis.zip/1989_Sega%20Genesis%2FFighting%20Masters.pdf,3366968,7362b35a2eec3191d944c9af7fc162d5,,,Fighting Masters.pdf
docs/MegaDrive/Manuals/Final Zone.pdf,https://archive.org/download/mister-manuals/1989_Sega%20Genesis.zip/1989_Sega%20Genesis%2FFinal%20Zone.pdf,2057510,1ccd3ceaff58f83e2d78507e38f5b1b5,,,Final Zone.pdf
docs/MegaDrive/Manuals/Fire Shark.pdf,https://archive.org/download/mister-manuals/1989_Sega%20Genesis.zip/1989_Sega%20Genesis%2FFire%20Shark.pdf,1630466,08966109724d4cc5059944c6b51c0ead,,,Fire Shark.pdf
docs/MegaDrive/Manuals/Flashback - The Quest for Identity.pdf,https://archive.org/download/mister-manuals/1989_Sega%20Genesis.zip/1989_Sega%20Genesis%2FFlashback%20-%20The%20Quest%20for%20Identity.pdf,2028137,80416d58126e0bdd014d25617f875be2,,,Flashback - The Quest for Identity.pdf
docs/MegaDrive/Manuals/Flicky.pdf,https://archive.org/download/mister-manuals/1989_Sega%20Genesis.zip/1989_Sega%20Genesis%2FFlicky.pdf,3252839,949eda53924737763da0ee4131f2c949,,,Flicky.pdf
"docs/MegaDrive/Manuals/Flintstones, The.pdf",https://archive.org/download/mister-manuals/1989_Sega%20Genesis.zip/1989_Sega%20Genesis%2FFlintstones%2C%20The.pdf,3441354,c671a9d8fa92d875e8ab7ca2640f154a,,,"Flintstones, The.pdf"
docs/MegaDrive/Manuals/Forgotten Worlds.pdf,https://archive.org/download/mister-manuals/1989_Sega%20Genesis.zip/1989_Sega%20Genesis%2FForgotten%20Worlds.pdf,1606284,2d2d410945531cad48993a6032ff62e9,,,Forgotten Worlds.pdf
docs/MegaDrive/Manuals/Formula One.pdf,https://archive.org/download/mister-manuals/1989_Sega%20Genesis.zip/1989_Sega%20Genesis%2FFormula%20One.pdf,4763926,494f71f07956b0312f33e66b7f662530,,,Formula One.pdf
docs/MegaDrive/Manuals/Frogger.pdf,https://archive.org/download/mister-manuals/1989_Sega%20Genesis.zip/1989_Sega%20Genesis%2FFrogger.pdf,1037013,7de0345e3eea9a2e0face3480ee047db,,,Frogger.pdf
docs/MegaDrive/Manuals/Funny World + Balloon Boy.pdf,https://archive.org/download/mister-manuals/1989_Sega%20Genesis.zip/1989_Sega%20Genesis%2FFunny%20World%20%2B%20Balloon%20Boy.pdf,1769469,d850f5324423484b16931b227d347ee1,,,Funny World + Balloon Boy.pdf
docs/MegaDrive/Manuals/G-LOC - Air Battle.pdf,https://archive.org/download/mister-manuals/1989_Sega%20Genesis.zip/1989_Sega%20Genesis%2FG-LOC%20-%20Air%20Battle.pdf,1387668,f60c15d8d6a02c61b6628675da225bfb,,,G-LOC - Air Battle.pdf
docs/MegaDrive/Manuals/Gaiares.pdf,https://archive.org/download/mister-manuals/1989_Sega%20Genesis.zip/1989_Sega%20Genesis%2FGaiares.pdf,2574245,1aac0220485484d69442473a8ab6329d,,,Gaiares.pdf
docs/MegaDrive/Manuals/Gain Ground.pdf,https://archive.org/download/mister-manuals/1989_Sega%20Genesis.zip/1989_Sega%20Genesis%2FGain%20Ground.pdf,2477515,d884eeead7dcd521303f6ecf287358cb,,,Gain Ground.pdf
docs/MegaDrive/Manuals/Galahad.pdf,https://archive.org/download/mister-manuals/1989_Sega%20Genesis.zip/1989_Sega%20Genesis%2FGalahad.pdf,1275142,9311531ca2465a6b4545f02a27090755,,,Galahad.pdf
docs/MegaDrive/Manuals/Galaxy Force II.pdf,https://archive.org/download/mister-manuals/1989_Sega%20Genesis.zip/1989_Sega%20Genesis%2FGalaxy%20Force%20II.pdf,1012077,36808e8595125bc958378df114b8c14f,,,Galaxy Force II.pdf
docs/MegaDrive/Manuals/Garfield - Caught in the Act.pdf,https://archive.org/download/mister-manuals/1989_Sega%20Genesis.zip/1989_Sega%20Genesis%2FGarfield%20-%20Caught%20in%20the%20Act.pdf,1254573,31b00a3f0deffe54fda37a0179b637a7,,,Garfield - Caught in the Act.pdf
docs/MegaDrive/Manuals/Gargoyles.pdf,https://archive.org/download/mister-manuals/1989_Sega%20Genesis.zip/1989_Sega%20Genesis%2FGargoyles.pdf,4521382,4a09dad74c6b6c3ad47ba674d0ec496f,,,Gargoyles.pdf
docs/MegaDrive/Manuals/Gauntlet IV.pdf,https://archive.org/download/mister-manuals/1989_Sega%20Genesis.zip/1989_Sega%20Genesis%2FGauntlet%20IV.pdf,3718732,24f6fe76996df6687fae6af1e5a5e8f8,,,Gauntlet IV.pdf
docs/MegaDrive/Manuals/Gemfire.pdf,https://archive.org/download/mister-manuals/1989_Sega%20Genesis.zip/1989_Sega%20Genesis%2FGemfire.pdf,4993958,530f0ba8c678ad1f8ed739ccd042f323,,,Gemfire.pdf
docs/MegaDrive/Manuals/General Chaos.pdf,https://archive.org/download/mister-manuals/1989_Sega%20Genesis.zip/1989_Sega%20Genesis%2FGeneral%20Chaos.pdf,2377981,81bffede533cfdf9fd972b62cd66a0c0,,,General Chaos.pdf
docs/MegaDrive/Manuals/George Foreman's KO Boxing.pdf,https://archive.org/download/mister-manuals/1989_Sega%20Genesis.zip/1989_Sega%20Genesis%2FGeorge%20Foreman_s%20KO%20Boxing.pdf,3925785,9eaf685ad418cc9e4c9464b0a6308961,,,George Foreman_s KO Boxing.pdf
docs/MegaDrive/Manuals/Ghostbusters.pdf,https://archive.org/download/mister-manuals/1989_Sega%20Genesis.zip/1989_Sega%20Genesis%2FGhostbusters.pdf,3141403,01da36d9c7439c4bb1de5ccef2f4a7fa,,,Ghostbusters.pdf
docs/MegaDrive/Manuals/Ghouls 'n Ghosts.pdf,https://archive.org/download/mister-manuals/1989_Sega%20Genesis.zip/1989_Sega%20Genesis%2FGhouls%20_n%20Ghosts.pdf,1695208,832dbd0675221931a3405930d53a9816,,,Ghouls _n Ghosts.pdf
docs/MegaDrive/Manuals/Gods.pdf,https://archive.org/download/mister-manuals/1989_Sega%20Genesis.zip/1989_Sega%20Genesis%2FGods.pdf,2370970,b66a6c2a22ff1db3c0a61b6d1b325ec3,,,Gods.pdf
docs/MegaDrive/Manuals/Golden Axe II.pdf,https://archive.org/download/mister-manuals/1989_Sega%20Genesis.zip/1989_Sega%20Genesis%2FGolden%20Axe%20II.pdf,932761,a5ad93f35075186159dfede88aecfbf0,,,Golden Axe II.pdf
docs/MegaDrive/Manuals/Golden Axe.pdf,https://archive.org/download/mister-manuals/1989_Sega%20Genesis.zip/1989_Sega%20Genesis%2FGolden%20Axe.pdf,4940516,3a5b307c3d3a6a3b0df30c88cd1090e4,,,Golden Axe.pdf
docs/MegaDrive/Manuals/Goofy's Hysterical History Tour.pdf,https://archive.org/download/mister-manuals/1989_Sega%20Genesis.zip/1989_Sega%20Genesis%2FGoofy_s%20Hysterical%20History%20Tour.pdf,2560465,5ee3e68ab055845aac6abb797af89954,,,Goofy_s Hysterical History Tour.pdf
docs/MegaDrive/Manuals/Granada.pdf,https://archive.org/download/mister-manuals/1989_Sega%20Genesis.zip/1989_Sega%20Genesis%2FGranada.pdf,479364,8500bbd8f0a88f0d71169af424ee82b7,,,Granada.pdf
"docs/MegaDrive/Manuals/Great Circus Mystery starring Mickey & Minnie, The.pdf",https://archive.org/download/mister-manuals/1989_Sega%20Genesis.zip/1989_Sega%20Genesis%2FGreat%20Circus%20Mystery%20starring%20Mickey%20%26%20Minnie%2C%20The.pdf,2558557,c34f9f32fb057d2082246ab5a9df1271,,,"Great Circus Mystery starring Mickey & Minnie, The.pdf"
docs/MegaDrive/Manuals/Greatest Heavyweights.pdf,https://archive.org/download/mister-manuals/1989_Sega%20Genesis.zip/1989_Sega%20Genesis%2FGreatest%20Heavyweights.pdf,2616945,b09616a67f070b1fbd147abb033d4ab2,,,Greatest Heavyweights.pdf
docs/MegaDrive/Manuals/Greendog - The Beached Surfer Dude!.pdf,https://archive.org/download/mister-manuals/1989_Sega%20Genesis.zip/1989_Sega%20Genesis%2FGreendog%20-%20The%20Beached%20Surfer%20Dude%21.pdf,2968019,06c809c1f1df3f9c398e026a593428bc,,,Greendog - The Beached Surfer Dude!.pdf
docs/MegaDrive/Manuals/Grind Stormer.pdf,https://archive.org/download/mister-manuals/1989_Sega%20Genesis.zip/1989_Sega%20Genesis%2FGrind%20Stormer.pdf,1085866,13993c33adcb3380e7cf9abbdc45d30e,,,Grind Stormer.pdf
docs/MegaDrive/Manuals/Growl.pdf,https://archive.org/download/mister-manuals/1989_Sega%20Genesis.zip/1989_Sega%20Genesis%2FGrowl.pdf,1705051,347696bcb535eaaf9ec0b631d317108f,,,Growl.pdf
docs/MegaDrive/Manuals/Gunstar Heroes.pdf,https://archive.org/download/mister-manuals/1989_Sega%20Genesis.zip/1989_Sega%20Genesis%2FGunstar%20Heroes.pdf,3851379,9ab887548a89acadbe3315e35eed2089,,,Gunstar Heroes.pdf
docs/MegaDrive/Manuals/Hard Drivin'.pdf,https://archive.org/download/mister-manuals/1989_Sega%20Genesis.zip/1989_Sega%20Genesis%2FHard%20Drivin_.pdf,755437,4c7084bf749d8cc66efef1755ad8a768,,,Hard Drivin_.pdf
docs/MegaDrive/Manuals/HardBall III.pdf,https://archive.org/download/mister-manuals/1989_Sega%20Genesis.zip/1989_Sega%20Genesis%2FHardBall%20III.pdf,2309464,bcdfd2281f5839150d2f54aaf8f45f08,,,HardBall III.pdf
docs/MegaDrive/Manuals/HardBall '95.pdf,https://archive.org/download/mister-manuals/1989_Sega%20Genesis.zip/1989_Sega%20Genesis%2FHardBall%20_95.pdf,2274720,0425e6280ef9a7512dc65fc0ade98a3e,,,HardBall _95.pdf
docs/MegaDrive/Manuals/HardBall! .pdf,https://archive.org/download/mister-manuals/1989_Sega%20Genesis.zip/1989_Sega%20Genesis%2FHardBall%21%20.pdf,2525037,7edbb61b43d1ca2eff6dad15942a42bb,,,HardBall! .pdf
docs/MegaDrive/Manuals/Haunting starring Polterguy.pdf,https://archive.org/download/mister-manuals/1989_Sega%20Genesis.zip/1989_Sega%20Genesis%2FHaunting%20starring%20Polterguy.pdf,2491992,a9b2ed996ee52889d107b3a2e2e2dd60,,,Haunting starring Polterguy.pdf
docs/MegaDrive/Manuals/Heavy Nova.pdf,https://archive.org/download/mister-manuals/1989_Sega%20Genesis.zip/1989_Sega%20Genesis%2FHeavy%20Nova.pdf,4517604,834d8e958b570f492ff62ceb4258bb6e,,,Heavy Nova.pdf
docs/MegaDrive/Manuals/Hellfire.pdf,https://archive.org/download/mister-manuals/1989_Sega%20Genesis.zip/1989_Sega%20Genesis%2FHellfire.pdf,1744002,49d86125856c04d3cafd11450f20cc85,,,Hellfire.pdf
docs/MegaDrive/Manuals/Herzog Zwei.pdf,https://archive.org/download/mister-manuals/1989_Sega%20Genesis.zip/1989_Sega%20Genesis%2FHerzog%20Zwei.pdf,2185736,3426a9888e096e50176660bc0736f2f6,,,Herzog Zwei.pdf
docs/MegaDrive/Manuals/High Seas Havoc.pdf,https://archive.org/download/mister-manuals/1989_Sega%20Genesis.zip/1989_Sega%20Genesis%2FHigh%20Seas%20Havoc.pdf,3759136,6cccc20444fd086e391326d7e2b7a7f5,,,High Seas Havoc.pdf
docs/MegaDrive/Manuals/Home Alone 2 - Lost in New York.pdf,https://archive.org/download/mister-manuals/1989_Sega%20Genesis.zip/1989_Sega%20Genesis%2FHome%20Alone%202%20-%20Lost%20in%20New%20York.pdf,1195501,90b75f0d7fb1b8191ad3c3184705104a,,,Home Alone 2 - Lost in New York.pdf
docs/MegaDrive/Manuals/Home Alone.pdf,https://archive.org/download/mister-manuals/1989_Sega%20Genesis.zip/1989_Sega%20Genesis%2FHome%20Alone.pdf,4354076,f1b09990965973773b20e890017c2540,,,Home Alone.pdf
"docs/MegaDrive/Manuals/Humans, The.pdf",https://archive.org/download/mister-manuals/1989_Sega%20Genesis.zip/1989_Sega%20Genesis%2FHumans%2C%20The.pdf,3374000,5ecc4d4e08a1d8dabcc7722b9b788e82,,,"Humans, The.pdf"
"docs/MegaDrive/Manuals/Immortal, The.pdf",https://archive.org/download/mister-manuals/1989_Sega%20Genesis.zip/1989_Sega%20Genesis%2FImmortal%2C%20The.pdf,2008047,39985fde9b575de7641c0b969766a2dd,,,"Immortal, The.pdf"
"docs/MegaDrive/Manuals/Incredible Crash Dummies, The.pdf",https://archive.org/download/mister-manuals/1989_Sega%20Genesis.zip/1989_Sega%20Genesis%2FIncredible%20Crash%20Dummies%2C%20The.pdf,2253234,6c561d1af410453b7a0818e7153cdeff,,,"Incredible Crash Dummies, The.pdf"
"docs/MegaDrive/Manuals/Incredible Hulk, The.pdf",https://archive.org/download/mister-manuals/1989_Sega%20Genesis.zip/1989_Sega%20Genesis%2FIncredible%20Hulk%2C%20The.pdf,4236824,66d71f525e9b23321e22055d990d06ad,,,"Incredible Hulk, The.pdf"
docs/MegaDrive/Manuals/Indiana Jones and the Last Crusade.pdf,https://archive.org/download/mister-manuals/1989_Sega%20Genesis.zip/1989_Sega%20Genesis%2FIndiana%20Jones%20and%20the%20Last%20Crusade.pdf,1148783,f666243385f308e15691077f81edccf6,,,Indiana Jones and the Last Crusade.pdf
docs/MegaDrive/Manuals/Insector X.pdf,https://archive.org/download/mister-manuals/1989_Sega%20Genesis.zip/1989_Sega%20Genesis%2FInsector%20X.pdf,2118610,34e6fd256c57f08504da64dd8e9d41bb,,,Insector X.pdf
docs/MegaDrive/Manuals/Instruments of Chaos starring Young Indiana Jones.pdf,https://archive.org/download/mister-manuals/1989_Sega%20Genesis.zip/1989_Sega%20Genesis%2FInstruments%20of%20Chaos%20starring%20Young%20Indiana%20Jones.pdf,2619897,651865c4c015623d929f122731c0d11e,,,Instruments of Chaos starring Young Indiana Jones.pdf
docs/MegaDrive/Manuals/International Sensible Soccer - World Champions.pdf,https://archive.org/download/mister-manuals/1989_Sega%20Genesis.zip/1989_Sega%20Genesis%2FInternational%20Sensible%20Soccer%20-%20World%20Champions.pdf,4619459,2535f9112fe1b564eb41033b56145308,,,International Sensible Soccer - World Champions.pdf
docs/MegaDrive/Manuals/Ishido - The Way of Stones.pdf,https://archive.org/download/mister-manuals/1989_Sega%20Genesis.zip/1989_Sega%20Genesis%2FIshido%20-%20The%20Way%20of%20Stones.pdf,3568250,79829ea89ac4cefdc79022a2fb9c05ad,,,Ishido - The Way of Stones.pdf
docs/MegaDrive/Manuals/Izzy's Quest for the Olympic Rings.pdf,https://archive.org/download/mister-manuals/1989_Sega%20Genesis.zip/1989_Sega%20Genesis%2FIzzy_s%20Quest%20for%20the%20Olympic%20Rings.pdf,1778363,3365cbc71683c8f0996652cf2f01cdd8,,,Izzy_s Quest for the Olympic Rings.pdf
docs/MegaDrive/Manuals/James Bond 007 - The Duel.pdf,https://archive.org/download/mister-manuals/1989_Sega%20Genesis.zip/1989_Sega%20Genesis%2FJames%20Bond%20007%20-%20The%20Duel.pdf,1569462,8d200380b63bf5fe584c359be9219de9,,,James Bond 007 - The Duel.pdf
docs/MegaDrive/Manuals/James Pond - Underwater Agent.pdf,https://archive.org/download/mister-manuals/1989_Sega%20Genesis.zip/1989_Sega%20Genesis%2FJames%20Pond%20-%20Underwater%20Agent.pdf,2970036,4120a93a02b01ff9580ce194a4d2ade4,,,James Pond - Underwater Agent.pdf
docs/MegaDrive/Manuals/James Pond 3 - Operation Starfish.pdf,https://archive.org/download/mister-manuals/1989_Sega%20Genesis.zip/1989_Sega%20Genesis%2FJames%20Pond%203%20-%20Operation%20Starfish.pdf,2187143,f0065022b57648aba302bf0de5ca19c9,,,James Pond 3 - Operation Starfish.pdf
docs/MegaDrive/Manuals/James Pond II - Codename RoboCod.pdf,https://archive.org/download/mister-manuals/1989_Sega%20Genesis.zip/1989_Sega%20Genesis%2FJames%20Pond%20II%20-%20Codename%20RoboCod.pdf,3458453,c8f59722574894a5f017195cdfbd45fb,,,James Pond II - Codename RoboCod.pdf
docs/MegaDrive/Manuals/James 'Buster' Douglas Knock Out Boxing.pdf,https://archive.org/download/mister-manuals/1989_Sega%20Genesis.zip/1989_Sega%20Genesis%2FJames%20_Buster_%20Douglas%20Knock%20Out%20Boxing.pdf,4136975,d75e944d25e9747578501f00750f5b4a,,,James _Buster_ Douglas Knock Out Boxing.pdf
docs/MegaDrive/Manuals/Jennifer Capriati Tennis.pdf,https://archive.org/download/mister-manuals/1989_Sega%20Genesis.zip/1989_Sega%20Genesis%2FJennifer%20Capriati%20Tennis.pdf,3729240,3b34972816434bedd7def4e77fb659b6,,,Jennifer Capriati Tennis.pdf
docs/MegaDrive/Manuals/Jeopardy! - Deluxe Edition.pdf,https://archive.org/download/mister-manuals/1989_Sega%20Genesis.zip/1989_Sega%20Genesis%2FJeopardy%21%20-%20Deluxe%20Edition.pdf,2695083,72aff3359364f79c61fb857fcaec47dc,,,Jeopardy! - Deluxe Edition.pdf
docs/MegaDrive/Manuals/Jeopardy! .pdf,https://archive.org/download/mister-manuals/1989_Sega%20Genesis.zip/1989_Sega%20Genesis%2FJeopardy%21%20.pdf,1620971,4f1409c94f1fe0ae95ab76b3212e5fbc,,,Jeopardy! .pdf
docs/MegaDrive/Manuals/Jewel Master.pdf,https://archive.org/download/mister-manuals/1989_Sega%20Genesis.zip/1989_Sega%20Genesis%2FJewel%20Master.pdf,1319430,c8828033a5935bd1a9b59c7ccfce86b1,,,Jewel Master.pdf
docs/MegaDrive/Manuals/Jimmy White's Whirlwind Snooker.pdf,https://archive.org/download/mister-manuals/1989_Sega%20Genesis.zip/1989_Sega%20Genesis%2FJimmy%20White_s%20Whirlwind%20Snooker.pdf,2787421,188f8d768d43003b66ce6a785fd8a88e,,,Jimmy White_s Whirlwind Snooker.pdf
docs/MegaDrive/Manuals/Joe & Mac.pdf,https://archive.org/download/mister-manuals/1989_Sega%20Genesis.zip/1989_Sega%20Genesis%2FJoe%20%26%20Mac.pdf,1694832,918bd57fe75bc2afe09477896837b04f,,,Joe & Mac.pdf
docs/MegaDrive/Manuals/Joe Montana Football.pdf,https://archive.org/download/mister-manuals/1989_Sega%20Genesis.zip/1989_Sega%20Genesis%2FJoe%20Montana%20Football.pdf,2361207,da240f4c96f2a0bc60db8bf75ec16fd0,,,Joe Montana Football.pdf
docs/MegaDrive/Manuals/Joe Montana II - Sports Talk Football.pdf,https://archive.org/download/mister-manuals/1989_Sega%20Genesis.zip/1989_Sega%20Genesis%2FJoe%20Montana%20II%20-%20Sports%20Talk%20Football.pdf,2957965,39783741e174728f0f87978ca1829c12,,,Joe Montana II - Sports Talk Football.pdf
docs/MegaDrive/Manuals/John Madden Football .pdf,https://archive.org/download/mister-manuals/1989_Sega%20Genesis.zip/1989_Sega%20Genesis%2FJohn%20Madden%20Football%20.pdf,2455973,9d18b718c3c49675fb9135b6565bae56,,,John Madden Football .pdf
docs/MegaDrive/Manuals/John Madden Football '92.pdf,https://archive.org/download/mister-manuals/1989_Sega%20Genesis.zip/1989_Sega%20Genesis%2FJohn%20Madden%20Football%20_92.pdf,2418216,d3a5d0b41957cacb63b6758984420c5f,,,John Madden Football _92.pdf
docs/MegaDrive/Manuals/John Madden Football '93.pdf,https://archive.org/download/mister-manuals/1989_Sega%20Genesis.zip/1989_Sega%20Genesis%2FJohn%20Madden%20Football%20_93.pdf,2411093,12a5dd3fad2b5a37c5e11d46eb515530,,,John Madden Football _93.pdf
docs/MegaDrive/Manuals/Jordan vs. Bird - Super One-on-One.pdf,https://archive.org/download/mister-manuals/1989_Sega%20Genesis.zip/1989_Sega%20Genesis%2FJordan%20vs.%20Bird%20-%20Super%20One-on-One.pdf,5465496,3bcee50847e6ceafebf60a5897fd9d83,,,Jordan vs. Bird - Super One-on-One.pdf
docs/MegaDrive/Manuals/Journey from Darkness - Strider Returns.pdf,https://archive.org/download/mister-manuals/1989_Sega%20Genesis.zip/1989_Sega%20Genesis%2FJourney%20from%20Darkness%20-%20Strider%20Returns.pdf,1238213,8e6ba513af8ee10acfefee6077003193,,,Journey from Darkness - Strider Returns.pdf
docs/MegaDrive/Manuals/Judge Dredd.pdf,https://archive.org/download/mister-manuals/1989_Sega%20Genesis.zip/1989_Sega%20Genesis%2FJudge%20Dredd.pdf,2107461,1944d83e32cdc4f506f2c1fa09100ddc,,,Judge Dredd.pdf
docs/MegaDrive/Manuals/Junction.pdf,https://archive.org/download/mister-manuals/1989_Sega%20Genesis.zip/1989_Sega%20Genesis%2FJunction.pdf,2588470,4f12f7f12b07b59567908b4c8d1c5a6e,,,Junction.pdf
"docs/MegaDrive/Manuals/Jungle Book, The.pdf",https://archive.org/download/mister-manuals/1989_Sega%20Genesis.zip/1989_Sega%20Genesis%2FJungle%20Book%2C%20The.pdf,3662611,4c4f39b9baf1184c7399c6176f2b11ad,,,"Jungle Book, The.pdf"
docs/MegaDrive/Manuals/Jungle Strike.pdf,https://archive.org/download/mister-manuals/1989_Sega%20Genesis.zip/1989_Sega%20Genesis%2FJungle%20Strike.pdf,4792461,cf14d832030eff8715a07d881db9fdb0,,,Jungle Strike.pdf
docs/MegaDrive/Manuals/Jurassic Park - Rampage Edition.pdf,https://archive.org/download/mister-manuals/1989_Sega%20Genesis.zip/1989_Sega%20Genesis%2FJurassic%20Park%20-%20Rampage%20Edition.pdf,4050375,fbd29b18546fd2a329ad6090c41858ad,,,Jurassic Park - Rampage Edition.pdf
docs/MegaDrive/Manuals/Jurassic Park .pdf,https://archive.org/download/mister-manuals/1989_Sega%20Genesis.zip/1989_Sega%20Genesis%2FJurassic%20Park%20.pdf,4592787,52a721379fc0fb08c55ca29028326eb7,,,Jurassic Park .pdf
docs/MegaDrive/Manuals/Ka-Ge-Ki - Fists of Steel.pdf,https://archive.org/download/mister-manuals/1989_Sega%20Genesis.zip/1989_Sega%20Genesis%2FKa-Ge-Ki%20-%20Fists%20of%20Steel.pdf,2580409,145f7961a4039519d96c08c2fd054ea9,,,Ka-Ge-Ki - Fists of Steel.pdf
docs/MegaDrive/Manuals/Kid Chameleon.pdf,https://archive.org/download/mister-manuals/1989_Sega%20Genesis.zip/1989_Sega%20Genesis%2FKid%20Chameleon.pdf,1633478,6922615aa7ccbacd63a187e6e275e517,,,Kid Chameleon.pdf
docs/MegaDrive/Manuals/King Salmon - The Big Catch.pdf,https://archive.org/download/mister-manuals/1989_Sega%20Genesis.zip/1989_Sega%20Genesis%2FKing%20Salmon%20-%20The%20Big%20Catch.pdf,3561093,8fee34ea9b85436d07dcd1cbd3c0911f,,,King Salmon - The Big Catch.pdf
docs/MegaDrive/Manuals/King of the Monsters 2.pdf,https://archive.org/download/mister-manuals/1989_Sega%20Genesis.zip/1989_Sega%20Genesis%2FKing%20of%20the%20Monsters%202.pdf,4604260,e2435416aef905d867c7233fcdf4f7d6,,,King of the Monsters 2.pdf
docs/MegaDrive/Manuals/King of the Monsters.pdf,https://archive.org/download/mister-manuals/1989_Sega%20Genesis.zip/1989_Sega%20Genesis%2FKing%20of%20the%20Monsters.pdf,4054952,b45959f8cd75e3ec6a61d357a6ed5298,,,King of the Monsters.pdf
docs/MegaDrive/Manuals/King's Bounty - The Conqueror's Quest.pdf,https://archive.org/download/mister-manuals/1989_Sega%20Genesis.zip/1989_Sega%20Genesis%2FKing_s%20Bounty%20-%20The%20Conqueror_s%20Quest.pdf,5645144,d100fef0ecc75c8e2a388bdbbf3a7177,,,King_s Bounty - The Conqueror_s Quest.pdf
docs/MegaDrive/Manuals/Klax.pdf,https://archive.org/download/mister-manuals/1989_Sega%20Genesis.zip/1989_Sega%20Genesis%2FKlax.pdf,1003481,a3ac1723e27ced04d1593ab87a2319ec,,,Klax.pdf
docs/MegaDrive/Manuals/Krusty's Super Fun House.pdf,https://archive.org/download/mister-manuals/1989_Sega%20Genesis.zip/1989_Sega%20Genesis%2FKrusty_s%20Super%20Fun%20House.pdf,4906667,c578f26ded651522dc89814da4eeb278,,,Krusty_s Super Fun House.pdf
docs/MegaDrive/Manuals/LHX Attack Chopper.pdf,https://archive.org/download/mister-manuals/1989_Sega%20Genesis.zip/1989_Sega%20Genesis%2FLHX%20Attack%20Chopper.pdf,4302405,f2223bbf97fc2d1dad42d7de2c0ce761,,,LHX Attack Chopper.pdf
docs/MegaDrive/Manuals/La Russa Baseball 95.pdf,https://archive.org/download/mister-manuals/1989_Sega%20Genesis.zip/1989_Sega%20Genesis%2FLa%20Russa%20Baseball%2095.pdf,2334081,947c038b71dd133f68edd57ab2a347c1,,,La Russa Baseball 95.pdf
docs/MegaDrive/Manuals/Lakers vs. Celtics and the NBA Playoffs.pdf,https://archive.org/download/mister-manuals/1989_Sega%20Genesis.zip/1989_Sega%20Genesis%2FLakers%20vs.%20Celtics%20and%20the%20NBA%20Playoffs.pdf,2929414,beecb8240091c6bc2cfc2822a6fe514e,,,Lakers vs. Celtics and the NBA Playoffs.pdf
docs/MegaDrive/Manuals/Landstalker.pdf,https://archive.org/download/mister-manuals/1989_Sega%20Genesis.zip/1989_Sega%20Genesis%2FLandstalker.pdf,1714315,07caf22cfd3779e1b4dadfb2a58a40d8,,,Landstalker.pdf
docs/MegaDrive/Manuals/Last Battle.pdf,https://archive.org/download/mister-manuals/1989_Sega%20Genesis.zip/1989_Sega%20Genesis%2FLast%20Battle.pdf,1735224,4e8e757644b006bb95ad2a6da514c43f,,,Last Battle.pdf
"docs/MegaDrive/Manuals/Lawnmower Man, The.pdf",https://archive.org/download/mister-manuals/1989_Sega%20Genesis.zip/1989_Sega%20Genesis%2FLawnmower%20Man%2C%20The.pdf,2393989,f6398c32ed4aa55a50331c983880067c,,,"Lawnmower Man, The.pdf"
docs/MegaDrive/Manuals/Lemmings 2 - The Tribes.pdf,https://archive.org/download/mister-manuals/1989_Sega%20Genesis.zip/1989_Sega%20Genesis%2FLemmings%202%20-%20The%20Tribes.pdf,4174704,bf5714eb13a16182c5e88f504ad89d1c,,,Lemmings 2 - The Tribes.pdf
docs/MegaDrive/Manuals/Lethal Enforcers II - Gun Fighters.pdf,https://archive.org/download/mister-manuals/1989_Sega%20Genesis.zip/1989_Sega%20Genesis%2FLethal%20Enforcers%20II%20-%20Gun%20Fighters.pdf,2198786,4076356629943462783bfa43332f3efd,,,Lethal Enforcers II - Gun Fighters.pdf
docs/MegaDrive/Manuals/Light Crusader.pdf,https://archive.org/download/mister-manuals/1989_Sega%20Genesis.zip/1989_Sega%20Genesis%2FLight%20Crusader.pdf,3571480,317acc70d27708530c07e15499454de0,,,Light Crusader.pdf
docs/MegaDrive/Manuals/Lightening Force - Quest for the Darkstar.pdf,https://archive.org/download/mister-manuals/1989_Sega%20Genesis.zip/1989_Sega%20Genesis%2FLightening%20Force%20-%20Quest%20for%20the%20Darkstar.pdf,953785,7631b05912d4dcebf70c4aba227b20f8,,,Lightening Force - Quest for the Darkstar.pdf
"docs/MegaDrive/Manuals/Lion King, The.pdf",https://archive.org/download/mister-manuals/1989_Sega%20Genesis.zip/1989_Sega%20Genesis%2FLion%20King%2C%20The.pdf,641833,8edae523d664c822587c0c3425705427,,,"Lion King, The.pdf"
"docs/MegaDrive/Manuals/Lost Vikings, The.pdf",https://archive.org/download/mister-manuals/1989_Sega%20Genesis.zip/1989_Sega%20Genesis%2FLost%20Vikings%2C%20The.pdf,2623051,28794b0d9cafee3695d3c982455368e0,,,"Lost Vikings, The.pdf"
"docs/MegaDrive/Manuals/Lost World, The - Jurassic Park.pdf",https://archive.org/download/mister-manuals/1989_Sega%20Genesis.zip/1989_Sega%20Genesis%2FLost%20World%2C%20The%20-%20Jurassic%20Park.pdf,2762311,30838597feb13fb60523615b737c1ebc,,,"Lost World, The - Jurassic Park.pdf"
docs/MegaDrive/Manuals/Lotus II - R.E.C.S..pdf,https://archive.org/download/mister-manuals/1989_Sega%20Genesis.zip/1989_Sega%20Genesis%2FLotus%20II%20-%20R.E.C.S..pdf,1319872,fb140ec9220c6084a1df3dcceeec0117,,,Lotus II - R.E.C.S..pdf
docs/MegaDrive/Manuals/Lotus Turbo Challenge.pdf,https://archive.org/download/mister-manuals/1989_Sega%20Genesis.zip/1989_Sega%20Genesis%2FLotus%20Turbo%20Challenge.pdf,3461243,a6656686fc0b5a130af620e60534f006,,,Lotus Turbo Challenge.pdf
docs/MegaDrive/Manuals/M-1 Abrams Battle Tank.pdf,https://archive.org/download/mister-manuals/1989_Sega%20Genesis.zip/1989_Sega%20Genesis%2FM-1%20Abrams%20Battle%20Tank.pdf,4824995,7c628fb9996413b833d75a512535a3aa,,,M-1 Abrams Battle Tank.pdf
docs/MegaDrive/Manuals/M.U.S.H.A. - Metallic Uniframe Super Hybrid Armor.pdf,https://archive.org/download/mister-manuals/1989_Sega%20Genesis.zip/1989_Sega%20Genesis%2FM.U.S.H.A.%20-%20Metallic%20Uniframe%20Super%20Hybrid%20Armor.pdf,1897852,b6e0ebf6b14051e3ffe04fb494bdda36,,,M.U.S.H.A. - Metallic Uniframe Super Hybrid Armor.pdf
docs/MegaDrive/Manuals/MIG-29 Fighter Pilot.pdf,https://archive.org/download/mister-manuals/1989_Sega%20Genesis.zip/1989_Sega%20Genesis%2FMIG-29%20Fighter%20Pilot.pdf,2336654,27e2bf5d562429006ca71633dc9c7f12,,,MIG-29 Fighter Pilot.pdf
docs/MegaDrive/Manuals/MLBPA Baseball.pdf,https://archive.org/download/mister-manuals/1989_Sega%20Genesis.zip/1989_Sega%20Genesis%2FMLBPA%20Baseball.pdf,3984098,586e6aef1d2f939f78e3a6847ff859ae,,,MLBPA Baseball.pdf
docs/MegaDrive/Manuals/Madden NFL 95.pdf,https://archive.org/download/mister-manuals/1989_Sega%20Genesis.zip/1989_Sega%20Genesis%2FMadden%20NFL%2095.pdf,5011043,589b9a49f517d8bf053bc508f6093f81,,,Madden NFL 95.pdf
docs/MegaDrive/Manuals/Madden NFL 96.pdf,https://archive.org/download/mister-manuals/1989_Sega%20Genesis.zip/1989_Sega%20Genesis%2FMadden%20NFL%2096.pdf,2195356,686a817611af7296c397a971ec71e8f1,,,Madden NFL 96.pdf
docs/MegaDrive/Manuals/Madden NFL 97.pdf,https://archive.org/download/mister-manuals/1989_Sega%20Genesis.zip/1989_Sega%20Genesis%2FMadden%20NFL%2097.pdf,2793900,8a2163c643f135d766758ab945c61d55,,,Madden NFL 97.pdf
docs/MegaDrive/Manuals/Madden NFL '94.pdf,https://archive.org/download/mister-manuals/1989_Sega%20Genesis.zip/1989_Sega%20Genesis%2FMadden%20NFL%20_94.pdf,2755645,3143faa1e53944f755dc54bba664fe59,,,Madden NFL _94.pdf
docs/MegaDrive/Manuals/Mallet Legend's Whac-A-Critter.pdf,https://archive.org/download/mister-manuals/1989_Sega%20Genesis.zip/1989_Sega%20Genesis%2FMallet%20Legend_s%20Whac-A-Critter.pdf,602276,d2eb98812863c89ca4c8f92e7028f1fc,,,Mallet Legend_s Whac-A-Critter.pdf
docs/MegaDrive/Manuals/Man Overboard! S.S. Lucifer.pdf,https://archive.org/download/mister-manuals/1989_Sega%20Genesis.zip/1989_Sega%20Genesis%2FMan%20Overboard%21%20S.S.%20Lucifer.pdf,2015865,2289d0215873f244c7c04839b4f7a215,,,Man Overboard! S.S. Lucifer.pdf
docs/MegaDrive/Manuals/Marble Madness.pdf,https://archive.org/download/mister-manuals/1989_Sega%20Genesis.zip/1989_Sega%20Genesis%2FMarble%20Madness.pdf,793880,e27b9b45631f5ee20356ed081afb40f8,,,Marble Madness.pdf
docs/MegaDrive/Manuals/Mario Andretti Racing.pdf,https://archive.org/download/mister-manuals/1989_Sega%20Genesis.zip/1989_Sega%20Genesis%2FMario%20Andretti%20Racing.pdf,3623455,9abe34a2f089b798f3f48d75824e43e3,,,Mario Andretti Racing.pdf
docs/MegaDrive/Manuals/Mario Lemieux Hockey.pdf,https://archive.org/download/mister-manuals/1989_Sega%20Genesis.zip/1989_Sega%20Genesis%2FMario%20Lemieux%20Hockey.pdf,2554598,c624d6a7a72d66878966444953d79c93,,,Mario Lemieux Hockey.pdf
docs/MegaDrive/Manuals/Marko.pdf,https://archive.org/download/mister-manuals/1989_Sega%20Genesis.zip/1989_Sega%20Genesis%2FMarko.pdf,4367913,126cce008dc02eda134f994c7f5fa62b,,,Marko.pdf
docs/MegaDrive/Manuals/Marsupilami.pdf,https://archive.org/download/mister-manuals/1989_Sega%20Genesis.zip/1989_Sega%20Genesis%2FMarsupilami.pdf,2315871,5e08c98e2b74b852a40ba5c7f9255ed6,,,Marsupilami.pdf
docs/MegaDrive/Manuals/Marvel Land.pdf,https://archive.org/download/mister-manuals/1989_Sega%20Genesis.zip/1989_Sega%20Genesis%2FMarvel%20Land.pdf,2412321,8959c2e2d195ac4b372858f7c729c827,,,Marvel Land.pdf
docs/MegaDrive/Manuals/Master of Monsters.pdf,https://archive.org/download/mister-manuals/1989_Sega%20Genesis.zip/1989_Sega%20Genesis%2FMaster%20of%20Monsters.pdf,4477901,75ea4a596863c61575a2ad23b9af3aec,,,Master of Monsters.pdf
docs/MegaDrive/Manuals/Math Blaster - Episode 1.pdf,https://archive.org/download/mister-manuals/1989_Sega%20Genesis.zip/1989_Sega%20Genesis%2FMath%20Blaster%20-%20Episode%201.pdf,841688,de7f04b3357e2156ef54174d8964d621,,,Math Blaster - Episode 1.pdf
docs/MegaDrive/Manuals/Mazin Saga - Mutant Fighter.pdf,https://archive.org/download/mister-manuals/1989_Sega%20Genesis.zip/1989_Sega%20Genesis%2FMazin%20Saga%20-%20Mutant%20Fighter.pdf,1575010,03065930b48b23127e0bcb422fedadf7,,,Mazin Saga - Mutant Fighter.pdf
docs/MegaDrive/Manuals/McDonald's Treasure Land Adventure.pdf,https://archive.org/download/mister-manuals/1989_Sega%20Genesis.zip/1989_Sega%20Genesis%2FMcDonald_s%20Treasure%20Land%20Adventure.pdf,1527027,4eae768eaf7a4bd1ff5b92e0dd119750,,,McDonald_s Treasure Land Adventure.pdf
docs/MegaDrive/Manuals/Mega Bomberman.pdf,https://archive.org/download/mister-manuals/1989_Sega%20Genesis.zip/1989_Sega%20Genesis%2FMega%20Bomberman.pdf,4544993,8e929e0074047db0ffac9e22121e2354,,,Mega Bomberman.pdf
docs/MegaDrive/Manuals/Mega Man - The Wily Wars.pdf,https://archive.org/download/mister-manuals/1989_Sega%20Genesis.zip/1989_Sega%20Genesis%2FMega%20Man%20-%20The%20Wily%20Wars.pdf,4102350,4e5aeff2f2830a107379cd802b0950c9,,,Mega Man - The Wily Wars.pdf
docs/MegaDrive/Manuals/Mega Turrican.pdf,https://archive.org/download/mister-manuals/1989_Sega%20Genesis.zip/1989_Sega%20Genesis%2FMega%20Turrican.pdf,1921152,3509cc2236eb80d43023c1527a43378f,,,Mega Turrican.pdf
docs/MegaDrive/Manuals/Menacer 6-Game Cartridge.pdf,https://archive.org/download/mister-manuals/1989_Sega%20Genesis.zip/1989_Sega%20Genesis%2FMenacer%206-Game%20Cartridge.pdf,3472107,e37985d97a325f91c772e12d73db68e7,,,Menacer 6-Game Cartridge.pdf
docs/MegaDrive/Manuals/Mercs.pdf,https://archive.org/download/mister-manuals/1989_Sega%20Genesis.zip/1989_Sega%20Genesis%2FMercs.pdf,2744984,712329403067662bf42292308d9b6ca1,,,Mercs.pdf
docs/MegaDrive/Manuals/Michael Jackson's Moonwalker.pdf,https://archive.org/download/mister-manuals/1989_Sega%20Genesis.zip/1989_Sega%20Genesis%2FMichael%20Jackson_s%20Moonwalker.pdf,1449619,7a343053fddb853b84b1ab71a361d1d6,,,Michael Jackson_s Moonwalker.pdf
docs/MegaDrive/Manuals/Mick & Mack as the Global Gladiators.pdf,https://archive.org/download/mister-manuals/1989_Sega%20Genesis.zip/1989_Sega%20Genesis%2FMick%20%26%20Mack%20as%20the%20Global%20Gladiators.pdf,3923848,ce38e06c817151f87d7307fc3db65f8f,,,Mick & Mack as the Global Gladiators.pdf
docs/MegaDrive/Manuals/Mickey Mania - The Timeless Adventures of Mickey Mouse.pdf,https://archive.org/download/mister-manuals/1989_Sega%20Genesis.zip/1989_Sega%20Genesis%2FMickey%20Mania%20-%20The%20Timeless%20Adventures%20of%20Mickey%20Mouse.pdf,3533024,78832c882a4f10ccb0371a084ea3cae2,,,Mickey Mania - The Timeless Adventures of Mickey Mouse.pdf
docs/MegaDrive/Manuals/Micro Machines 2 - Turbo Tournament.pdf,https://archive.org/download/mister-manuals/1989_Sega%20Genesis.zip/1989_Sega%20Genesis%2FMicro%20Machines%202%20-%20Turbo%20Tournament.pdf,1899050,afc6518ac7390c3db41d0e0846e59930,,,Micro Machines 2 - Turbo Tournament.pdf
docs/MegaDrive/Manuals/Midnight Resistance.pdf,https://archive.org/download/mister-manuals/1989_Sega%20Genesis.zip/1989_Sega%20Genesis%2FMidnight%20Resistance.pdf,1411818,63eb6d14392631321b6b12fc7e75a9c4,,,Midnight Resistance.pdf
docs/MegaDrive/Manuals/Might and Magic II - Gates to Another World.pdf,https://archive.org/download/mister-manuals/1989_Sega%20Genesis.zip/1989_Sega%20Genesis%2FMight%20and%20Magic%20II%20-%20Gates%20to%20Another%20World.pdf,6662377,4346bc2512158b7dd44ba391d0007447,,,Might and Magic II - Gates to Another World.pdf
docs/MegaDrive/Manuals/Mighty Morphin Power Rangers - The Movie.pdf,https://archive.org/download/mister-manuals/1989_Sega%20Genesis.zip/1989_Sega%20Genesis%2FMighty%20Morphin%20Power%20Rangers%20-%20The%20Movie.pdf,2183901,84907755b012678e2ae67291a7bdf2db,,,Mighty Morphin Power Rangers - The Movie.pdf
docs/MegaDrive/Manuals/Mighty Morphin Power Rangers .pdf,https://archive.org/download/mister-manuals/1989_Sega%20Genesis.zip/1989_Sega%20Genesis%2FMighty%20Morphin%20Power%20Rangers%20.pdf,4278912,91c251502c91fdccda7bbcfe9b266ee8,,,Mighty Morphin Power Rangers .pdf
docs/MegaDrive/Manuals/Mike Ditka Power Football.pdf,https://archive.org/download/mister-manuals/1989_Sega%20Genesis.zip/1989_Sega%20Genesis%2FMike%20Ditka%20Power%20Football.pdf,5044962,46f27b2ee5d93fe1f0270ac273278e8c,,,Mike Ditka Power Football.pdf
"docs/MegaDrive/Manuals/Miracle Piano Teaching System, The.pdf",https://archive.org/download/mister-manuals/1989_Sega%20Genesis.zip/1989_Sega%20Genesis%2FMiracle%20Piano%20Teaching%20System%2C%20The.pdf,1242392,cb41acc6e439fe5e42a3e2a2961c0628,,,"Miracle Piano Teaching System, The.pdf"
docs/MegaDrive/Manuals/Monopoly.pdf,https://archive.org/download/mister-manuals/1989_Sega%20Genesis.zip/1989_Sega%20Genesis%2FMonopoly.pdf,4334218,f40c9de49d7b28f670f3a597a65871b8,,,Monopoly.pdf
docs/MegaDrive/Manuals/Monster World IV.pdf,https://archive.org/download/mister-manuals/1989_Sega%20Genesis.zip/1989_Sega%20Genesis%2FMonster%20World%20IV.pdf,3831788,4ede80e5487ae025556e4b6453785f6d,,,Monster World IV.pdf
docs/MegaDrive/Manuals/Mortal Kombat 3.pdf,https://archive.org/download/mister-manuals/1989_Sega%20Genesis.zip/1989_Sega%20Genesis%2FMortal%20Kombat%203.pdf,2355041,1d1fff038b2e9ae805f3cfd77c038273,,,Mortal Kombat 3.pdf
docs/MegaDrive/Manuals/Mortal Kombat II.pdf,https://archive.org/download/mister-manuals/1989_Sega%20Genesis.zip/1989_Sega%20Genesis%2FMortal%20Kombat%20II.pdf,3152010,3709ba438f3ddb5bae0570d1de2b07a2,,,Mortal Kombat II.pdf
docs/MegaDrive/Manuals/Mortal Kombat.pdf,https://archive.org/download/mister-manuals/1989_Sega%20Genesis.zip/1989_Sega%20Genesis%2FMortal%20Kombat.pdf,3612933,620535c9f8d172d4e3520e7e75555fee,,,Mortal Kombat.pdf
docs/MegaDrive/Manuals/Mr. Nutz.pdf,https://archive.org/download/mister-manuals/1989_Sega%20Genesis.zip/1989_Sega%20Genesis%2FMr.%20Nutz.pdf,2413772,e96170d43d6349f7be241bd3dad9cee7,,,Mr. Nutz.pdf
docs/MegaDrive/Manuals/Ms. Pac-Man.pdf,https://archive.org/download/mister-manuals/1989_Sega%20Genesis.zip/1989_Sega%20Genesis%2FMs.%20Pac-Man.pdf,387065,c9a6742b0bb1be61cdea475f2b3f692c,,,Ms. Pac-Man.pdf
docs/MegaDrive/Manuals/Mutant League Football.pdf,https://archive.org/download/mister-manuals/1989_Sega%20Genesis.zip/1989_Sega%20Genesis%2FMutant%20League%20Football.pdf,2932857,562ec1e624d61312698acc96e1f68238,,,Mutant League Football.pdf
docs/MegaDrive/Manuals/Mutant League Hockey.pdf,https://archive.org/download/mister-manuals/1989_Sega%20Genesis.zip/1989_Sega%20Genesis%2FMutant%20League%20Hockey.pdf,3736623,c9326a09756d6983689dc338f45e3992,,,Mutant League Hockey.pdf
docs/MegaDrive/Manuals/Mystical Fighter.pdf,https://archive.org/download/mister-manuals/1989_Sega%20Genesis.zip/1989_Sega%20Genesis%2FMystical%20Fighter.pdf,1296833,5655f7b3e8b013b39cf5c8275fa25256,,,Mystical Fighter.pdf
docs/MegaDrive/Manuals/NBA Action '94.pdf,https://archive.org/download/mister-manuals/1989_Sega%20Genesis.zip/1989_Sega%20Genesis%2FNBA%20Action%20_94.pdf,3368639,86b9e80391859ce4ee0980b98a38edf2,,,NBA Action _94.pdf
docs/MegaDrive/Manuals/NBA Action '95 starring David Robinson.pdf,https://archive.org/download/mister-manuals/1989_Sega%20Genesis.zip/1989_Sega%20Genesis%2FNBA%20Action%20_95%20starring%20David%20Robinson.pdf,4508597,8ac331d35cd277d664258d293888587f,,,NBA Action _95 starring David Robinson.pdf
docs/MegaDrive/Manuals/NBA Hangtime.pdf,https://archive.org/download/mister-manuals/1989_Sega%20Genesis.zip/1989_Sega%20Genesis%2FNBA%20Hangtime.pdf,2390352,618ef326e2325a7e309a887e3be60073,,,NBA Hangtime.pdf
docs/MegaDrive/Manuals/NBA Jam - Tournament Edition.pdf,https://archive.org/download/mister-manuals/1989_Sega%20Genesis.zip/1989_Sega%20Genesis%2FNBA%20Jam%20-%20Tournament%20Edition.pdf,4135008,b1ea3fcf4cb2c75d28fcfd4ec02c7393,,,NBA Jam - Tournament Edition.pdf
docs/MegaDrive/Manuals/NBA Jam.pdf,https://archive.org/download/mister-manuals/1989_Sega%20Genesis.zip/1989_Sega%20Genesis%2FNBA%20Jam.pdf,5103730,9bbac17450ebd98bdf7abb1f1cdb6d3a,,,NBA Jam.pdf
docs/MegaDrive/Manuals/NBA Live 95.pdf,https://archive.org/download/mister-manuals/1989_Sega%20Genesis.zip/1989_Sega%20Genesis%2FNBA%20Live%2095.pdf,3835798,fc47ec3a401f1bceb158594538ed4943,,,NBA Live 95.pdf
docs/MegaDrive/Manuals/NBA Live 96.pdf,https://archive.org/download/mister-manuals/1989_Sega%20Genesis.zip/1989_Sega%20Genesis%2FNBA%20Live%2096.pdf,3028460,80d3d1197164427430551e8802938d98,,,NBA Live 96.pdf
docs/MegaDrive/Manuals/NBA Live 97.pdf,https://archive.org/download/mister-manuals/1989_Sega%20Genesis.zip/1989_Sega%20Genesis%2FNBA%20Live%2097.pdf,3613136,bb6b15fffe434f4a4ba8c6aabee16f36,,,NBA Live 97.pdf
docs/MegaDrive/Manuals/NBA Showdown '94.pdf,https://archive.org/download/mister-manuals/1989_Sega%20Genesis.zip/1989_Sega%20Genesis%2FNBA%20Showdown%20_94.pdf,5070007,b525fccd319ddddc5d220e55ab495a71,,,NBA Showdown _94.pdf
docs/MegaDrive/Manuals/NCAA Final Four Basketball.pdf,https://archive.org/download/mister-manuals/1989_Sega%20Genesis.zip/1989_Sega%20Genesis%2FNCAA%20Final%20Four%20Basketball.pdf,3875247,fe245e84493d74ea74f6db6a9da8fd1b,,,NCAA Final Four Basketball.pdf
docs/MegaDrive/Manuals/NFL 98.pdf,https://archive.org/download/mister-manuals/1989_Sega%20Genesis.zip/1989_Sega%20Genesis%2FNFL%2098.pdf,4165702,e89cf061eb20384783f5aee3e9fad502,,,NFL 98.pdf
docs/MegaDrive/Manuals/NFL Football '94 starring Joe Montana.pdf,https://archive.org/download/mister-manuals/1989_Sega%20Genesis.zip/1989_Sega%20Genesis%2FNFL%20Football%20_94%20starring%20Joe%20Montana.pdf,2211340,1abd83c824a3d2b5eba44632829eaea2,,,NFL Football _94 starring Joe Montana.pdf
docs/MegaDrive/Manuals/NFL Quarterback Club 96.pdf,https://archive.org/download/mister-manuals/1989_Sega%20Genesis.zip/1989_Sega%20Genesis%2FNFL%20Quarterback%20Club%2096.pdf,2230605,c34fdf71f2eb95d3ec78c62d24610fb7,,,NFL Quarterback Club 96.pdf
docs/MegaDrive/Manuals/NFL Quarterback Club.pdf,https://archive.org/download/mister-manuals/1989_Sega%20Genesis.zip/1989_Sega%20Genesis%2FNFL%20Quarterback%20Club.pdf,3494243,bf0bbc702e757a06e30f2f676a677331,,,NFL Quarterback Club.pdf
docs/MegaDrive/Manuals/NFL Sports Talk Football '93 starring Joe Montana.pdf,https://archive.org/download/mister-manuals/1989_Sega%20Genesis.zip/1989_Sega%20Genesis%2FNFL%20Sports%20Talk%20Football%20_93%20starring%20Joe%20Montana.pdf,3024670,ca63ecb2575f14520b3416a09cc87f1c,,,NFL Sports Talk Football _93 starring Joe Montana.pdf
docs/MegaDrive/Manuals/NHL 95.pdf,https://archive.org/download/mister-manuals/1989_Sega%20Genesis.zip/1989_Sega%20Genesis%2FNHL%2095.pdf,3930805,6d869150d3695f21b0353fbf11fb2602,,,NHL 95.pdf
docs/MegaDrive/Manuals/NHL 96.pdf,https://archive.org/download/mister-manuals/1989_Sega%20Genesis.zip/1989_Sega%20Genesis%2FNHL%2096.pdf,4467311,376d471c05a42ba191234d5106da59e2,,,NHL 96.pdf
docs/MegaDrive/Manuals/NHL Hockey.pdf,https://archive.org/download/mister-manuals/1989_Sega%20Genesis.zip/1989_Sega%20Genesis%2FNHL%20Hockey.pdf,2620101,e4e1d3f83b8f3005b6bfff93acd0b759,,,NHL Hockey.pdf
docs/MegaDrive/Manuals/NHL '94.pdf,https://archive.org/download/mister-manuals/1989_Sega%20Genesis.zip/1989_Sega%20Genesis%2FNHL%20_94.pdf,4791044,0686fe04dd26015cfe83908b92d353f3,,,NHL _94.pdf
docs/MegaDrive/Manuals/NHLPA Hockey '93.pdf,https://archive.org/download/mister-manuals/1989_Sega%20Genesis.zip/1989_Sega%20Genesis%2FNHLPA%20Hockey%20_93.pdf,2291088,9b0bc1c7ac41025523872ccf666874bc,,,NHLPA Hockey _93.pdf
docs/MegaDrive/Manuals/Newman-Haas Indy Car featuring Nigel Mansell.pdf,https://archive.org/download/mister-manuals/1989_Sega%20Genesis.zip/1989_Sega%20Genesis%2FNewman-Haas%20Indy%20Car%20featuring%20Nigel%20Mansell.pdf,3525024,ac330366998bbbb62f09eb33cde89930,,,Newman-Haas Indy Car featuring Nigel Mansell.pdf
docs/MegaDrive/Manuals/Nobunaga's Ambition.pdf,https://archive.org/download/mister-manuals/1989_Sega%20Genesis.zip/1989_Sega%20Genesis%2FNobunaga_s%20Ambition.pdf,3492162,17b65caf0511b18ca700abc498b0a063,,,Nobunaga_s Ambition.pdf
docs/MegaDrive/Manuals/Olympic Gold - Barcelona '92.pdf,https://archive.org/download/mister-manuals/1989_Sega%20Genesis.zip/1989_Sega%20Genesis%2FOlympic%20Gold%20-%20Barcelona%20_92.pdf,3054348,4f16a3172b40d74fec6337910dfee736,,,Olympic Gold - Barcelona _92.pdf
docs/MegaDrive/Manuals/Olympic Summer Games - Atlanta 1996.pdf,https://archive.org/download/mister-manuals/1989_Sega%20Genesis.zip/1989_Sega%20Genesis%2FOlympic%20Summer%20Games%20-%20Atlanta%201996.pdf,2674049,db1f8d3436ce72238587401307d9c51e,,,Olympic Summer Games - Atlanta 1996.pdf
docs/MegaDrive/Manuals/Onslaught.pdf,https://archive.org/download/mister-manuals/1989_Sega%20Genesis.zip/1989_Sega%20Genesis%2FOnslaught.pdf,3608343,a3b9de6c8b8a1c23834e7c702051295a,,,Onslaught.pdf
"docs/MegaDrive/Manuals/Ooze, The.pdf",https://archive.org/download/mister-manuals/1989_Sega%20Genesis.zip/1989_Sega%20Genesis%2FOoze%2C%20The.pdf,2332356,1ebe8b47c09fc970fcfcf1068ae6a29f,,,"Ooze, The.pdf"
docs/MegaDrive/Manuals/Operation Europe - Path to Victory 1939-45.pdf,https://archive.org/download/mister-manuals/1989_Sega%20Genesis.zip/1989_Sega%20Genesis%2FOperation%20Europe%20-%20Path%20to%20Victory%201939-45.pdf,2870429,d0f572f0034ee5a4ec98f670335ec032,,,Operation Europe - Path to Victory 1939-45.pdf
"docs/MegaDrive/Manuals/Ottifants, The.pdf",https://archive.org/download/mister-manuals/1989_Sega%20Genesis.zip/1989_Sega%20Genesis%2FOttifants%2C%20The.pdf,3944129,36f2bc84d7d1d2e003a047f8fad32c4c,,,"Ottifants, The.pdf"
docs/MegaDrive/Manuals/Out of this World.pdf,https://archive.org/download/mister-manuals/1989_Sega%20Genesis.zip/1989_Sega%20Genesis%2FOut%20of%20this%20World.pdf,954928,5fa2b2925a0cdee42d3b3445260b028c,,,Out of this World.pdf
docs/MegaDrive/Manuals/OutRun 2019.pdf,https://archive.org/download/mister-manuals/1989_Sega%20Genesis.zip/1989_Sega%20Genesis%2FOutRun%202019.pdf,1237153,cb146861855a60f57244ca5052adf150,,,OutRun 2019.pdf
docs/MegaDrive/Manuals/OutRun.pdf,https://archive.org/download/mister-manuals/1989_Sega%20Genesis.zip/1989_Sega%20Genesis%2FOutRun.pdf,933536,97b1618bf3f3dbd14ab9d2503f612b78,,,OutRun.pdf
docs/MegaDrive/Manuals/OutRunners.pdf,https://archive.org/download/mister-manuals/1989_Sega%20Genesis.zip/1989_Sega%20Genesis%2FOutRunners.pdf,1279655,ac5addcdc57670373dfadc3125c7b4d2,,,OutRunners.pdf
docs/MegaDrive/Manuals/PGA European Tour.pdf,https://archive.org/download/mister-manuals/1989_Sega%20Genesis.zip/1989_Sega%20Genesis%2FPGA%20European%20Tour.pdf,3945228,abf6fcdae096bcdf5c88a04555fae88d,,,PGA European Tour.pdf
docs/MegaDrive/Manuals/PGA Tour 96.pdf,https://archive.org/download/mister-manuals/1989_Sega%20Genesis.zip/1989_Sega%20Genesis%2FPGA%20Tour%2096.pdf,2530523,4bc42c2a83413bb98df289cff36fbfd7,,,PGA Tour 96.pdf
docs/MegaDrive/Manuals/PGA Tour Golf .pdf,https://archive.org/download/mister-manuals/1989_Sega%20Genesis.zip/1989_Sega%20Genesis%2FPGA%20Tour%20Golf%20.pdf,5062546,e939296cb4d43cf5be607f78f127964d,,,PGA Tour Golf .pdf
docs/MegaDrive/Manuals/PGA Tour Golf II.pdf,https://archive.org/download/mister-manuals/1989_Sega%20Genesis.zip/1989_Sega%20Genesis%2FPGA%20Tour%20Golf%20II.pdf,2625064,607b3da839f964df2e0366924e8fe3bb,,,PGA Tour Golf II.pdf
docs/MegaDrive/Manuals/PGA Tour Golf III.pdf,https://archive.org/download/mister-manuals/1989_Sega%20Genesis.zip/1989_Sega%20Genesis%2FPGA%20Tour%20Golf%20III.pdf,2361664,68740e32d53bfead77f688b23e41c80d,,,PGA Tour Golf III.pdf
docs/MegaDrive/Manuals/Pac-Attack.pdf,https://archive.org/download/mister-manuals/1989_Sega%20Genesis.zip/1989_Sega%20Genesis%2FPac-Attack.pdf,3266717,40d45d0b73ff89fafcb90143ffa13a6b,,,Pac-Attack.pdf
docs/MegaDrive/Manuals/Pac-Man 2 - The New Adventures.pdf,https://archive.org/download/mister-manuals/1989_Sega%20Genesis.zip/1989_Sega%20Genesis%2FPac-Man%202%20-%20The%20New%20Adventures.pdf,1301844,e8c4b1bf545bab2674c98c7e222070c0,,,Pac-Man 2 - The New Adventures.pdf
docs/MegaDrive/Manuals/Pac-Mania.pdf,https://archive.org/download/mister-manuals/1989_Sega%20Genesis.zip/1989_Sega%20Genesis%2FPac-Mania.pdf,4374419,fa94976dc84f918eb223fc422e4a9996,,,Pac-Mania.pdf
"docs/MegaDrive/Manuals/Pagemaster, The.pdf",https://archive.org/download/mister-manuals/1989_Sega%20Genesis.zip/1989_Sega%20Genesis%2FPagemaster%2C%20The.pdf,3599004,394e51599a75233e5214d53cdc1cbbe0,,,"Pagemaster, The.pdf"
docs/MegaDrive/Manuals/Paperboy 2.pdf,https://archive.org/download/mister-manuals/1989_Sega%20Genesis.zip/1989_Sega%20Genesis%2FPaperboy%202.pdf,655066,dc129ffc8293ffe80dafc88189028742,,,Paperboy 2.pdf
docs/MegaDrive/Manuals/Paperboy.pdf,https://archive.org/download/mister-manuals/1989_Sega%20Genesis.zip/1989_Sega%20Genesis%2FPaperboy.pdf,2034641,9148440ada9c51c655d9a96dbe99afd3,,,Paperboy.pdf
docs/MegaDrive/Manuals/Pat Riley Basketball.pdf,https://archive.org/download/mister-manuals/1989_Sega%20Genesis.zip/1989_Sega%20Genesis%2FPat%20Riley%20Basketball.pdf,3015444,be52b80ff6d32ced8f40b1cb84d90508,,,Pat Riley Basketball.pdf
docs/MegaDrive/Manuals/Pebble Beach Golf Links.pdf,https://archive.org/download/mister-manuals/1989_Sega%20Genesis.zip/1989_Sega%20Genesis%2FPebble%20Beach%20Golf%20Links.pdf,2518918,a3c03482e9d8425c437d1d31b0aba13e,,,Pebble Beach Golf Links.pdf
docs/MegaDrive/Manuals/Phantasy Star II.pdf,https://archive.org/download/mister-manuals/1989_Sega%20Genesis.zip/1989_Sega%20Genesis%2FPhantasy%20Star%20II.pdf,7012472,48631c9ea95a03056b8c9828d032eb60,,,Phantasy Star II.pdf
docs/MegaDrive/Manuals/Phantasy Star III - Generations of Doom.pdf,https://archive.org/download/mister-manuals/1989_Sega%20Genesis.zip/1989_Sega%20Genesis%2FPhantasy%20Star%20III%20-%20Generations%20of%20Doom.pdf,3022481,2c310194d338869ae7a6a426f96f57b1,,,Phantasy Star III - Generations of Doom.pdf
docs/MegaDrive/Manuals/Phantasy Star IV - The End of the Millenium.pdf,https://archive.org/download/mister-manuals/1989_Sega%20Genesis.zip/1989_Sega%20Genesis%2FPhantasy%20Star%20IV%20-%20The%20End%20of%20the%20Millenium.pdf,2434617,921370de83c881a7917bc7317950ee8d,,,Phantasy Star IV - The End of the Millenium.pdf
docs/MegaDrive/Manuals/Phantom 2040.pdf,https://archive.org/download/mister-manuals/1989_Sega%20Genesis.zip/1989_Sega%20Genesis%2FPhantom%202040.pdf,3214560,64d1a774bd05d837a235e99d0d1da2c4,,,Phantom 2040.pdf
docs/MegaDrive/Manuals/Phelios.pdf,https://archive.org/download/mister-manuals/1989_Sega%20Genesis.zip/1989_Sega%20Genesis%2FPhelios.pdf,861283,e83fae1e2012bc1ac7f2f610d811f51c,,,Phelios.pdf
docs/MegaDrive/Manuals/Pink Goes to Hollywood.pdf,https://archive.org/download/mister-manuals/1989_Sega%20Genesis.zip/1989_Sega%20Genesis%2FPink%20Goes%20to%20Hollywood.pdf,1606747,c184226b6302f82fea6debaf626352c0,,,Pink Goes to Hollywood.pdf
docs/MegaDrive/Manuals/Pinocchio.pdf,https://archive.org/download/mister-manuals/1989_Sega%20Genesis.zip/1989_Sega%20Genesis%2FPinocchio.pdf,3117474,1b6038097e04fe17424efccad0ef415c,,,Pinocchio.pdf
"docs/MegaDrive/Manuals/Pirates of Dark Water, The.pdf",https://archive.org/download/mister-manuals/1989_Sega%20Genesis.zip/1989_Sega%20Genesis%2FPirates%20of%20Dark%20Water%2C%20The.pdf,1694077,a70904f0c0faa2f1c55c04f6d1239955,,,"Pirates of Dark Water, The.pdf"
docs/MegaDrive/Manuals/Pirates! Gold.pdf,https://archive.org/download/mister-manuals/1989_Sega%20Genesis.zip/1989_Sega%20Genesis%2FPirates%21%20Gold.pdf,3711205,f63feaa63e5e48739ccd43f39add2ebf,,,Pirates! Gold.pdf
docs/MegaDrive/Manuals/Pit-Fighter.pdf,https://archive.org/download/mister-manuals/1989_Sega%20Genesis.zip/1989_Sega%20Genesis%2FPit-Fighter.pdf,1650863,0da9df05fcab92b36bfdbdf2a1a238c8,,,Pit-Fighter.pdf
docs/MegaDrive/Manuals/Pitfall - The Mayan Adventure.pdf,https://archive.org/download/mister-manuals/1989_Sega%20Genesis.zip/1989_Sega%20Genesis%2FPitfall%20-%20The%20Mayan%20Adventure.pdf,1747622,77afdf06d618874553bca341845ea080,,,Pitfall - The Mayan Adventure.pdf
docs/MegaDrive/Manuals/Populous.pdf,https://archive.org/download/mister-manuals/1989_Sega%20Genesis.zip/1989_Sega%20Genesis%2FPopulous.pdf,3459743,e8bffe01e38aff7ddb3f52a56018f91f,,,Populous.pdf
docs/MegaDrive/Manuals/Power Drive.pdf,https://archive.org/download/mister-manuals/1989_Sega%20Genesis.zip/1989_Sega%20Genesis%2FPower%20Drive.pdf,1091477,0f591845d6b4e5cb68f5859edd5467ee,,,Power Drive.pdf
docs/MegaDrive/Manuals/PowerMonger.pdf,https://archive.org/download/mister-manuals/1989_Sega%20Genesis.zip/1989_Sega%20Genesis%2FPowerMonger.pdf,4394988,1b5fd37bd7399cae85af56f54776bbba,,,PowerMonger.pdf
docs/MegaDrive/Manuals/Primal Rage.pdf,https://archive.org/download/mister-manuals/1989_Sega%20Genesis.zip/1989_Sega%20Genesis%2FPrimal%20Rage.pdf,3770098,f0f38ef1116303c7d0544e237eef7fbd,,,Primal Rage.pdf
docs/MegaDrive/Manuals/Prime Time NFL starring Deion Sanders.pdf,https://archive.org/download/mister-manuals/1989_Sega%20Genesis.zip/1989_Sega%20Genesis%2FPrime%20Time%20NFL%20starring%20Deion%20Sanders.pdf,3200345,686647063250755b076b9f851b52498f,,,Prime Time NFL starring Deion Sanders.pdf
docs/MegaDrive/Manuals/Prince of Persia.pdf,https://archive.org/download/mister-manuals/1989_Sega%20Genesis.zip/1989_Sega%20Genesis%2FPrince%20of%20Persia.pdf,2714148,9d9fd3cf38df550bb4167d2ab1a1364e,,,Prince of Persia.pdf
docs/MegaDrive/Manuals/Psycho Pinball.pdf,https://archive.org/download/mister-manuals/1989_Sega%20Genesis.zip/1989_Sega%20Genesis%2FPsycho%20Pinball.pdf,2719863,07fc810b5678612e91d8f17d1fa8b9f9,,,Psycho Pinball.pdf
docs/MegaDrive/Manuals/Puggsy.pdf,https://archive.org/download/mister-manuals/1989_Sega%20Genesis.zip/1989_Sega%20Genesis%2FPuggsy.pdf,3124906,d8efdb1ac0b46d5c6edca18468dcd61f,,,Puggsy.pdf
"docs/MegaDrive/Manuals/Punisher, The.pdf",https://archive.org/download/mister-manuals/1989_Sega%20Genesis.zip/1989_Sega%20Genesis%2FPunisher%2C%20The.pdf,1181452,e886db1291b45d6381debe7d78f44745,,,"Punisher, The.pdf"
docs/MegaDrive/Manuals/Quack Shot starring Donald Duck.pdf,https://archive.org/download/mister-manuals/1989_Sega%20Genesis.zip/1989_Sega%20Genesis%2FQuack%20Shot%20starring%20Donald%20Duck.pdf,3121115,aed49bdba596adeabdecd6b7deca85fc,,,Quack Shot starring Donald Duck.pdf
docs/MegaDrive/Manuals/Quad Challenge.pdf,https://archive.org/download/mister-manuals/1989_Sega%20Genesis.zip/1989_Sega%20Genesis%2FQuad%20Challenge.pdf,3580254,94c3f55d5612e1016848ff9af4485bd0,,,Quad Challenge.pdf
docs/MegaDrive/Manuals/R.B.I. Baseball 3.pdf,https://archive.org/download/mister-manuals/1989_Sega%20Genesis.zip/1989_Sega%20Genesis%2FR.B.I.%20Baseball%203.pdf,3085714,2726daae174166c4b586b9f3ecacf104,,,R.B.I. Baseball 3.pdf
docs/MegaDrive/Manuals/R.B.I. Baseball '93.pdf,https://archive.org/download/mister-manuals/1989_Sega%20Genesis.zip/1989_Sega%20Genesis%2FR.B.I.%20Baseball%20_93.pdf,4748260,2e87911020b9dcfa0a8c4cd06396b638,,,R.B.I. Baseball _93.pdf
docs/MegaDrive/Manuals/R.B.I. Baseball '94.pdf,https://archive.org/download/mister-manuals/1989_Sega%20Genesis.zip/1989_Sega%20Genesis%2FR.B.I.%20Baseball%20_94.pdf,3225734,49352d944ca6125a1033d1c94c163fc2,,,R.B.I. Baseball _94.pdf
docs/MegaDrive/Manuals/Radical Rex.pdf,https://archive.org/download/mister-manuals/1989_Sega%20Genesis.zip/1989_Sega%20Genesis%2FRadical%20Rex.pdf,2062290,33524686e3d509100538b6969581cc8d,,,Radical Rex.pdf
docs/MegaDrive/Manuals/Raiden Trad.pdf,https://archive.org/download/mister-manuals/1989_Sega%20Genesis.zip/1989_Sega%20Genesis%2FRaiden%20Trad.pdf,1269353,b56887a8972e49811f0686f2a8a0ccc8,,,Raiden Trad.pdf
docs/MegaDrive/Manuals/Rainbow Islands Extra.pdf,https://archive.org/download/mister-manuals/1989_Sega%20Genesis.zip/1989_Sega%20Genesis%2FRainbow%20Islands%20Extra.pdf,2339842,67f344d07aa60432bf5507d066bcc05d,,,Rainbow Islands Extra.pdf
docs/MegaDrive/Manuals/Rambo III.pdf,https://archive.org/download/mister-manuals/1989_Sega%20Genesis.zip/1989_Sega%20Genesis%2FRambo%20III.pdf,1534651,e70b0143bb73330d75832fb7f9b02845,,,Rambo III.pdf
docs/MegaDrive/Manuals/Rampart.pdf,https://archive.org/download/mister-manuals/1989_Sega%20Genesis.zip/1989_Sega%20Genesis%2FRampart.pdf,867270,e469e08b0e6fa2deb721fafa06875be9,,,Rampart.pdf
docs/MegaDrive/Manuals/Ranger X.pdf,https://archive.org/download/mister-manuals/1989_Sega%20Genesis.zip/1989_Sega%20Genesis%2FRanger%20X.pdf,1910750,f8e43b03c2cc6bc6d703c27b8fc621ac,,,Ranger X.pdf
docs/MegaDrive/Manuals/Rastan Saga II.pdf,https://archive.org/download/mister-manuals/1989_Sega%20Genesis.zip/1989_Sega%20Genesis%2FRastan%20Saga%20II.pdf,1250056,977e10222ca9afc6f4618a3b981960e7,,,Rastan Saga II.pdf
docs/MegaDrive/Manuals/Red Zone.pdf,https://archive.org/download/mister-manuals/1989_Sega%20Genesis.zip/1989_Sega%20Genesis%2FRed%20Zone.pdf,2601741,54d9ef509adfe86961150f87e1d8ecfb,,,Red Zone.pdf
"docs/MegaDrive/Manuals/Ren & Stimpy Show, The - Stimpy's Invention.pdf",https://archive.org/download/mister-manuals/1989_Sega%20Genesis.zip/1989_Sega%20Genesis%2FRen%20%26%20Stimpy%20Show%2C%20The%20-%20Stimpy_s%20Invention.pdf,3735952,ca1f29c8a322ef276f1007b3e30c7224,,,"Ren & Stimpy Show, The - Stimpy_s Invention.pdf"
"docs/MegaDrive/Manuals/Revenge of Shinobi, The.pdf",https://archive.org/download/mister-manuals/1989_Sega%20Genesis.zip/1989_Sega%20Genesis%2FRevenge%20of%20Shinobi%2C%20The.pdf,1319253,bb453e3d58d04220592e65cb71443a64,,,"Revenge of Shinobi, The.pdf"
docs/MegaDrive/Manuals/Richard Scarry's Busytown.pdf,https://archive.org/download/mister-manuals/1989_Sega%20Genesis.zip/1989_Sega%20Genesis%2FRichard%20Scarry_s%20Busytown.pdf,1538489,e3be8bd664aaa001d795788436f4e5f4,,,Richard Scarry_s Busytown.pdf
docs/MegaDrive/Manuals/Rings of Power.pdf,https://archive.org/download/mister-manuals/1989_Sega%20Genesis.zip/1989_Sega%20Genesis%2FRings%20of%20Power.pdf,6176614,45071b559a089626feeea38dd6f8d39d,,,Rings of Power.pdf
docs/MegaDrive/Manuals/Rise of the Robots.pdf,https://archive.org/download/mister-manuals/1989_Sega%20Genesis.zip/1989_Sega%20Genesis%2FRise%20of%20the%20Robots.pdf,2454591,931e95d7010024672a4a72141002b2fe,,,Rise of the Robots.pdf
docs/MegaDrive/Manuals/Risk.pdf,https://archive.org/download/mister-manuals/1989_Sega%20Genesis.zip/1989_Sega%20Genesis%2FRisk.pdf,1119770,492d7efd36f16d44343a8c70e2c214e1,,,Risk.pdf
docs/MegaDrive/Manuals/Risky Woods.pdf,https://archive.org/download/mister-manuals/1989_Sega%20Genesis.zip/1989_Sega%20Genesis%2FRisky%20Woods.pdf,3064019,be891c91bbf758f292587d3891812faa,,,Risky Woods.pdf
docs/MegaDrive/Manuals/Ristar.pdf,https://archive.org/download/mister-manuals/1989_Sega%20Genesis.zip/1989_Sega%20Genesis%2FRistar.pdf,1681042,3dcf8bcdd3732b5de242b348bbc8d18d,,,Ristar.pdf
docs/MegaDrive/Manuals/Road Rash .pdf,https://archive.org/download/mister-manuals/1989_Sega%20Genesis.zip/1989_Sega%20Genesis%2FRoad%20Rash%20.pdf,2040871,e265824e2027a35fbc2a41c98620ac95,,,Road Rash .pdf
docs/MegaDrive/Manuals/Road Rash 3.pdf,https://archive.org/download/mister-manuals/1989_Sega%20Genesis.zip/1989_Sega%20Genesis%2FRoad%20Rash%203.pdf,2419298,35c9def5742f5e4ecf7c9a64ec610327,,,Road Rash 3.pdf
docs/MegaDrive/Manuals/Road Rash II.pdf,https://archive.org/download/mister-manuals/1989_Sega%20Genesis.zip/1989_Sega%20Genesis%2FRoad%20Rash%20II.pdf,2044643,aa26d2e85e737315e3bc12c4f06c25b1,,,Road Rash II.pdf
docs/MegaDrive/Manuals/RoadBlasters.pdf,https://archive.org/download/mister-manuals/1989_Sega%20Genesis.zip/1989_Sega%20Genesis%2FRoadBlasters.pdf,1681091,5d3be9f7a9dad9a8da8453e1ea1195a1,,,RoadBlasters.pdf
docs/MegaDrive/Manuals/RoboCop 3.pdf,https://archive.org/download/mister-manuals/1989_Sega%20Genesis.zip/1989_Sega%20Genesis%2FRoboCop%203.pdf,2392539,fdd0ff12d8e7de5e039d5782a242ddbb,,,RoboCop 3.pdf
docs/MegaDrive/Manuals/RoboCop vs. The Terminator.pdf,https://archive.org/download/mister-manuals/1989_Sega%20Genesis.zip/1989_Sega%20Genesis%2FRoboCop%20vs.%20The%20Terminator.pdf,1968274,65834500399874c1e8bc39aa85cc295e,,,RoboCop vs. The Terminator.pdf
docs/MegaDrive/Manuals/Rocket Knight Adventures.pdf,https://archive.org/download/mister-manuals/1989_Sega%20Genesis.zip/1989_Sega%20Genesis%2FRocket%20Knight%20Adventures.pdf,2298370,05e6ff69ee69fb18fb3f4cc71d71bda6,,,Rocket Knight Adventures.pdf
docs/MegaDrive/Manuals/Roger Clemens' MVP Baseball.pdf,https://archive.org/download/mister-manuals/1989_Sega%20Genesis.zip/1989_Sega%20Genesis%2FRoger%20Clemens_%20MVP%20Baseball.pdf,2026638,b7a8c318c75057aff297adbaecc3bcc3,,,Roger Clemens_ MVP Baseball.pdf
docs/MegaDrive/Manuals/Rolling Thunder 2.pdf,https://archive.org/download/mister-manuals/1989_Sega%20Genesis.zip/1989_Sega%20Genesis%2FRolling%20Thunder%202.pdf,875291,b935ff083a69142e784c1201650486b2,,,Rolling Thunder 2.pdf
docs/MegaDrive/Manuals/Rolling Thunder 3.pdf,https://archive.org/download/mister-manuals/1989_Sega%20Genesis.zip/1989_Sega%20Genesis%2FRolling%20Thunder%203.pdf,991172,c1972f90749be4dcfafda2f901bdbb09,,,Rolling Thunder 3.pdf
docs/MegaDrive/Manuals/Romance of the Three Kingdoms III - Dragon of Destiny.pdf,https://archive.org/download/mister-manuals/1989_Sega%20Genesis.zip/1989_Sega%20Genesis%2FRomance%20of%20the%20Three%20Kingdoms%20III%20-%20Dragon%20of%20Destiny.pdf,4547836,c2b55919774d9202f4a8b70c68f08b8f,,,Romance of the Three Kingdoms III - Dragon of Destiny.pdf
docs/MegaDrive/Manuals/Sagaia.pdf,https://archive.org/download/mister-manuals/1989_Sega%20Genesis.zip/1989_Sega%20Genesis%2FSagaia.pdf,1155825,8d9fb3d98322992309a5fc81c68f9ec7,,,Sagaia.pdf
docs/MegaDrive/Manuals/Saint Sword.pdf,https://archive.org/download/mister-manuals/1989_Sega%20Genesis.zip/1989_Sega%20Genesis%2FSaint%20Sword.pdf,1415850,86434f19fe2e630fb1d97f32e9c47978,,,Saint Sword.pdf
docs/MegaDrive/Manuals/Sampras Tennis 96.pdf,https://archive.org/download/mister-manuals/1989_Sega%20Genesis.zip/1989_Sega%20Genesis%2FSampras%20Tennis%2096.pdf,1340149,f01c15919040990b58cab01e7f212008,,,Sampras Tennis 96.pdf
docs/MegaDrive/Manuals/Samurai Shodown.pdf,https://archive.org/download/mister-manuals/1989_Sega%20Genesis.zip/1989_Sega%20Genesis%2FSamurai%20Shodown.pdf,3069211,d3a12c98f136f402db6597288014ba93,,,Samurai Shodown.pdf
docs/MegaDrive/Manuals/Scooby-Doo Mystery.pdf,https://archive.org/download/mister-manuals/1989_Sega%20Genesis.zip/1989_Sega%20Genesis%2FScooby-Doo%20Mystery.pdf,2038991,baed71b0dae865f870959b23b25f0b44,,,Scooby-Doo Mystery.pdf
docs/MegaDrive/Manuals/SeaQuest DSV.pdf,https://archive.org/download/mister-manuals/1989_Sega%20Genesis.zip/1989_Sega%20Genesis%2FSeaQuest%20DSV.pdf,5077569,20fe4fdcd342c5a0cf84552c5b770beb,,,SeaQuest DSV.pdf
docs/MegaDrive/Manuals/Sensible Soccer - European Champions.pdf,https://archive.org/download/mister-manuals/1989_Sega%20Genesis.zip/1989_Sega%20Genesis%2FSensible%20Soccer%20-%20European%20Champions.pdf,4263547,99797a8da3003f8f2a3d22f1d368cc3f,,,Sensible Soccer - European Champions.pdf
docs/MegaDrive/Manuals/Shadow Blasters.pdf,https://archive.org/download/mister-manuals/1989_Sega%20Genesis.zip/1989_Sega%20Genesis%2FShadow%20Blasters.pdf,2740559,186de5cd0f37cfbe33f05131d24025c8,,,Shadow Blasters.pdf
docs/MegaDrive/Manuals/Shadow Dancer - The Secret of Shinobi.pdf,https://archive.org/download/mister-manuals/1989_Sega%20Genesis.zip/1989_Sega%20Genesis%2FShadow%20Dancer%20-%20The%20Secret%20of%20Shinobi.pdf,741200,ed8d40cf46ca664f3edd57a7c65a678b,,,Shadow Dancer - The Secret of Shinobi.pdf
docs/MegaDrive/Manuals/Shadow of the Beast II.pdf,https://archive.org/download/mister-manuals/1989_Sega%20Genesis.zip/1989_Sega%20Genesis%2FShadow%20of%20the%20Beast%20II.pdf,2239878,ba9d81550c00a325ff6af9a7eb072547,,,Shadow of the Beast II.pdf
docs/MegaDrive/Manuals/Shadow of the Beast.pdf,https://archive.org/download/mister-manuals/1989_Sega%20Genesis.zip/1989_Sega%20Genesis%2FShadow%20of%20the%20Beast.pdf,1547805,55666c4fa8fff7074a61241393c80b5e,,,Shadow of the Beast.pdf
docs/MegaDrive/Manuals/Shadowrun.pdf,https://archive.org/download/mister-manuals/1989_Sega%20Genesis.zip/1989_Sega%20Genesis%2FShadowrun.pdf,5015152,da4d7788912873ebd2520caaeb8abfe4,,,Shadowrun.pdf
docs/MegaDrive/Manuals/Shaq-Fu.pdf,https://archive.org/download/mister-manuals/1989_Sega%20Genesis.zip/1989_Sega%20Genesis%2FShaq-Fu.pdf,3685665,b5d6297af5ff3410a28a436fe8132268,,,Shaq-Fu.pdf
docs/MegaDrive/Manuals/Shining Force II.pdf,https://archive.org/download/mister-manuals/1989_Sega%20Genesis.zip/1989_Sega%20Genesis%2FShining%20Force%20II.pdf,3523517,3d64c836f070ee54b7ba499aa11ae7e8,,,Shining Force II.pdf
docs/MegaDrive/Manuals/Shining Force.pdf,https://archive.org/download/mister-manuals/1989_Sega%20Genesis.zip/1989_Sega%20Genesis%2FShining%20Force.pdf,2687044,8f19b2a42d6f2f1930956eb249a155b3,,,Shining Force.pdf
docs/MegaDrive/Manuals/Shining in the Darkness.pdf,https://archive.org/download/mister-manuals/1989_Sega%20Genesis.zip/1989_Sega%20Genesis%2FShining%20in%20the%20Darkness.pdf,2810301,0ce469e835ab76bc47e87c92c2ac17cc,,,Shining in the Darkness.pdf
docs/MegaDrive/Manuals/Shinobi III - Return of the Ninja Master.pdf,https://archive.org/download/mister-manuals/1989_Sega%20Genesis.zip/1989_Sega%20Genesis%2FShinobi%20III%20-%20Return%20of%20the%20Ninja%20Master.pdf,3818270,ee0b696b109ab601f2f60cd0d33c4c70,,,Shinobi III - Return of the Ninja Master.pdf
docs/MegaDrive/Manuals/Shove It!...The Warehouse Game.pdf,https://archive.org/download/mister-manuals/1989_Sega%20Genesis.zip/1989_Sega%20Genesis%2FShove%20It%21...The%20Warehouse%20Game.pdf,4474560,3aabaee09341304deeb592f4506f91a2,,,Shove It!...The Warehouse Game.pdf
docs/MegaDrive/Manuals/Side Pocket.pdf,https://archive.org/download/mister-manuals/1989_Sega%20Genesis.zip/1989_Sega%20Genesis%2FSide%20Pocket.pdf,2413307,6b1c4528bd1664220f2f720c6c77a89d,,,Side Pocket.pdf
"docs/MegaDrive/Manuals/Simpsons, The - Bart vs. the Space Mutants.pdf",https://archive.org/download/mister-manuals/1989_Sega%20Genesis.zip/1989_Sega%20Genesis%2FSimpsons%2C%20The%20-%20Bart%20vs.%20the%20Space%20Mutants.pdf,3382636,fb5084aa530acc960b205b199cae9658,,,"Simpsons, The - Bart vs. the Space Mutants.pdf"
"docs/MegaDrive/Manuals/Simpsons, The - Bart's Nightmare.pdf",https://archive.org/download/mister-manuals/1989_Sega%20Genesis.zip/1989_Sega%20Genesis%2FSimpsons%2C%20The%20-%20Bart_s%20Nightmare.pdf,1509886,9587a88bec51dfd5266c382c953e3550,,,"Simpsons, The - Bart_s Nightmare.pdf"
docs/MegaDrive/Manuals/Skitchin'.pdf,https://archive.org/download/mister-manuals/1989_Sega%20Genesis.zip/1989_Sega%20Genesis%2FSkitchin_.pdf,2537511,3b302c67526bb1ba6232f1643e526751,,,Skitchin_.pdf
docs/MegaDrive/Manuals/Slaughter Sport.pdf,https://archive.org/download/mister-manuals/1989_Sega%20Genesis.zip/1989_Sega%20Genesis%2FSlaughter%20Sport.pdf,3384040,8633959c865024952071a2fea58273d9,,,Slaughter Sport.pdf
docs/MegaDrive/Manuals/Sol-Deace.pdf,https://archive.org/download/mister-manuals/1989_Sega%20Genesis.zip/1989_Sega%20Genesis%2FSol-Deace.pdf,1891582,8cb6eeaa9a694faa3200060d39173906,,,Sol-Deace.pdf
docs/MegaDrive/Manuals/Soldiers of Fortune.pdf,https://archive.org/download/mister-manuals/1989_Sega%20Genesis.zip/1989_Sega%20Genesis%2FSoldiers%20of%20Fortune.pdf,3573110,7961bb616e70cbb0df4f10bc33cdfb0c,,,Soldiers of Fortune.pdf
docs/MegaDrive/Manuals/Sonic & Knuckles.pdf,https://archive.org/download/mister-manuals/1989_Sega%20Genesis.zip/1989_Sega%20Genesis%2FSonic%20%26%20Knuckles.pdf,1551431,30307b870a80b1f235c76faa66bcb9ec,,,Sonic & Knuckles.pdf
docs/MegaDrive/Manuals/Sonic 3D Blast.pdf,https://archive.org/download/mister-manuals/1989_Sega%20Genesis.zip/1989_Sega%20Genesis%2FSonic%203D%20Blast.pdf,2165718,3e8a062512d76fc4c307f4c3d444f3ed,,,Sonic 3D Blast.pdf
docs/MegaDrive/Manuals/Sonic the Hedgehog - Spinball.pdf,https://archive.org/download/mister-manuals/1989_Sega%20Genesis.zip/1989_Sega%20Genesis%2FSonic%20the%20Hedgehog%20-%20Spinball.pdf,1700899,5d5e7444a6901ee6218c90921bb03d0b,,,Sonic the Hedgehog - Spinball.pdf
docs/MegaDrive/Manuals/Sonic the Hedgehog 2.pdf,https://archive.org/download/mister-manuals/1989_Sega%20Genesis.zip/1989_Sega%20Genesis%2FSonic%20the%20Hedgehog%202.pdf,1920936,09064e63bbacc5859cc63d4a358a5345,,,Sonic the Hedgehog 2.pdf
docs/MegaDrive/Manuals/Sonic the Hedgehog 3.pdf,https://archive.org/download/mister-manuals/1989_Sega%20Genesis.zip/1989_Sega%20Genesis%2FSonic%20the%20Hedgehog%203.pdf,1915030,bcc9e006e5ed6867161f81f681ce616b,,,Sonic the Hedgehog 3.pdf
docs/MegaDrive/Manuals/Sonic the Hedgehog.pdf,https://archive.org/download/mister-manuals/1989_Sega%20Genesis.zip/1989_Sega%20Genesis%2FSonic%20the%20Hedgehog.pdf,3847246,eb10ff84b21a8813bcceaf9ebad0e127,,,Sonic the Hedgehog.pdf
docs/MegaDrive/Manuals/Sorcerer's Kingdom.pdf,https://archive.org/download/mister-manuals/1989_Sega%20Genesis.zip/1989_Sega%20Genesis%2FSorcerer_s%20Kingdom.pdf,2139368,d8d5997610cb066b8a7acc8662a6175b,,,Sorcerer_s Kingdom.pdf
docs/MegaDrive/Manuals/Space Harrier II.pdf,https://archive.org/download/mister-manuals/1989_Sega%20Genesis.zip/1989_Sega%20Genesis%2FSpace%20Harrier%20II.pdf,4442330,a583cef832a836cb03d636f840a98e07,,,Space Harrier II.pdf
docs/MegaDrive/Manuals/Space Invaders '91.pdf,https://archive.org/download/mister-manuals/1989_Sega%20Genesis.zip/1989_Sega%20Genesis%2FSpace%20Invaders%20_91.pdf,1100728,22c298d002a3ca1b1e34c023756a7b1d,,,Space Invaders _91.pdf
docs/MegaDrive/Manuals/Sparkster.pdf,https://archive.org/download/mister-manuals/1989_Sega%20Genesis.zip/1989_Sega%20Genesis%2FSparkster.pdf,1685874,b4068eaccb60be2e0fd9bc6ac2cd117a,,,Sparkster.pdf
docs/MegaDrive/Manuals/Spatter.pdf,https://archive.org/download/mister-manuals/1989_Sega%20Genesis.zip/1989_Sega%20Genesis%2FSpatter.pdf,1947114,a2c7bd45c21756a0c41dddfd1e2d552e,,,Spatter.pdf
docs/MegaDrive/Manuals/Spider-Man and Venom - Maximum Carnage.pdf,https://archive.org/download/mister-manuals/1989_Sega%20Genesis.zip/1989_Sega%20Genesis%2FSpider-Man%20and%20Venom%20-%20Maximum%20Carnage.pdf,4959040,4e35b5568100de698266c544aaa3d48b,,,Spider-Man and Venom - Maximum Carnage.pdf
docs/MegaDrive/Manuals/Spider-Man and X-Men in Arcade's Revenge.pdf,https://archive.org/download/mister-manuals/1989_Sega%20Genesis.zip/1989_Sega%20Genesis%2FSpider-Man%20and%20X-Men%20in%20Arcade_s%20Revenge.pdf,2696017,2204fd6a2de765c767d19eea91488ed0,,,Spider-Man and X-Men in Arcade_s Revenge.pdf
docs/MegaDrive/Manuals/Spider-Man vs. The Kingpin.pdf,https://archive.org/download/mister-manuals/1989_Sega%20Genesis.zip/1989_Sega%20Genesis%2FSpider-Man%20vs.%20The%20Kingpin.pdf,2801890,3a73be3e226cb51a1b3e939aa7225e08,,,Spider-Man vs. The Kingpin.pdf
docs/MegaDrive/Manuals/Spirou.pdf,https://archive.org/download/mister-manuals/1989_Sega%20Genesis.zip/1989_Sega%20Genesis%2FSpirou.pdf,2264145,f220cc9c9954a7bb3a3da121f7a84796,,,Spirou.pdf
docs/MegaDrive/Manuals/Splatterhouse 2.pdf,https://archive.org/download/mister-manuals/1989_Sega%20Genesis.zip/1989_Sega%20Genesis%2FSplatterhouse%202.pdf,3150846,fa846ec3ab7d83d9bc4a6f57e951dae7,,,Splatterhouse 2.pdf
docs/MegaDrive/Manuals/Splatterhouse 3.pdf,https://archive.org/download/mister-manuals/1989_Sega%20Genesis.zip/1989_Sega%20Genesis%2FSplatterhouse%203.pdf,1295218,d2c4cb92eebcd2f876aa88befb518890,,,Splatterhouse 3.pdf
docs/MegaDrive/Manuals/Sports Talk Baseball.pdf,https://archive.org/download/mister-manuals/1989_Sega%20Genesis.zip/1989_Sega%20Genesis%2FSports%20Talk%20Baseball.pdf,3817555,69d2346dfbabba698564f5a0b4caa4fe,,,Sports Talk Baseball.pdf
docs/MegaDrive/Manuals/Star Control.pdf,https://archive.org/download/mister-manuals/1989_Sega%20Genesis.zip/1989_Sega%20Genesis%2FStar%20Control.pdf,3592281,e3a2b329a3034f10470a30659c618a52,,,Star Control.pdf
docs/MegaDrive/Manuals/Star Mobile.pdf,https://archive.org/download/mister-manuals/1989_Sega%20Genesis.zip/1989_Sega%20Genesis%2FStar%20Mobile.pdf,1584433,1e8255f48a13f221cc95a94e31d0eb70,,,Star Mobile.pdf
docs/MegaDrive/Manuals/Star Trek - The Next Generation - Echoes from the Past.pdf,https://archive.org/download/mister-manuals/1989_Sega%20Genesis.zip/1989_Sega%20Genesis%2FStar%20Trek%20-%20The%20Next%20Generation%20-%20Echoes%20from%20the%20Past.pdf,1536991,b80ca1182ac65b15b62f720145c8a904,,,Star Trek - The Next Generation - Echoes from the Past.pdf
docs/MegaDrive/Manuals/Starflight.pdf,https://archive.org/download/mister-manuals/1989_Sega%20Genesis.zip/1989_Sega%20Genesis%2FStarflight.pdf,6963993,7c071a9905bd4dca7667bd65ed13b43a,,,Starflight.pdf
docs/MegaDrive/Manuals/Stargate.pdf,https://archive.org/download/mister-manuals/1989_Sega%20Genesis.zip/1989_Sega%20Genesis%2FStargate.pdf,4363324,441eac3a3ac9c09d48509fe9da8a2f35,,,Stargate.pdf
docs/MegaDrive/Manuals/Steel Empire.pdf,https://archive.org/download/mister-manuals/1989_Sega%20Genesis.zip/1989_Sega%20Genesis%2FSteel%20Empire.pdf,1448152,050fbb680388bbd454657a5ff5997e1e,,,Steel Empire.pdf
docs/MegaDrive/Manuals/Steel Talons.pdf,https://archive.org/download/mister-manuals/1989_Sega%20Genesis.zip/1989_Sega%20Genesis%2FSteel%20Talons.pdf,1772412,cb604e8a4339c74c6fdf88bfb883bab0,,,Steel Talons.pdf
docs/MegaDrive/Manuals/Stormlord.pdf,https://archive.org/download/mister-manuals/1989_Sega%20Genesis.zip/1989_Sega%20Genesis%2FStormlord.pdf,605073,fe5e9f53c6c38c5af66a3a64403b66dc,,,Stormlord.pdf
docs/MegaDrive/Manuals/Street Fighter II - Special Champion Edition.pdf,https://archive.org/download/mister-manuals/1989_Sega%20Genesis.zip/1989_Sega%20Genesis%2FStreet%20Fighter%20II_%20-%20Special%20Champion%20Edition.pdf,4545670,2c47a4a0b4b0a67f31ceac1eda234802,,,Street Fighter II_ - Special Champion Edition.pdf
docs/MegaDrive/Manuals/Street Smart.pdf,https://archive.org/download/mister-manuals/1989_Sega%20Genesis.zip/1989_Sega%20Genesis%2FStreet%20Smart.pdf,739092,37405b00e830a377b00ec1117ec05a06,,,Street Smart.pdf
docs/MegaDrive/Manuals/Streets of Rage 2.pdf,https://archive.org/download/mister-manuals/1989_Sega%20Genesis.zip/1989_Sega%20Genesis%2FStreets%20of%20Rage%202.pdf,2253715,74c894553e7fa789bde18810c36a54bf,,,Streets of Rage 2.pdf
docs/MegaDrive/Manuals/Streets of Rage 3.pdf,https://archive.org/download/mister-manuals/1989_Sega%20Genesis.zip/1989_Sega%20Genesis%2FStreets%20of%20Rage%203.pdf,2165820,0e6644805619c5e7e4f05430522248cf,,,Streets of Rage 3.pdf
docs/MegaDrive/Manuals/Streets of Rage.pdf,https://archive.org/download/mister-manuals/1989_Sega%20Genesis.zip/1989_Sega%20Genesis%2FStreets%20of%20Rage.pdf,1886642,a51fe130ef41b24de3ae4fbc88d28742,,,Streets of Rage.pdf
docs/MegaDrive/Manuals/Strider.pdf,https://archive.org/download/mister-manuals/1989_Sega%20Genesis.zip/1989_Sega%20Genesis%2FStrider.pdf,4776899,6bf798ce0efb45ab8a79d96f04f40bac,,,Strider.pdf
docs/MegaDrive/Manuals/Sub-Terrania.pdf,https://archive.org/download/mister-manuals/1989_Sega%20Genesis.zip/1989_Sega%20Genesis%2FSub-Terrania.pdf,2295626,e7a84495125388c6c9ad771712caf98c,,,Sub-Terrania.pdf
docs/MegaDrive/Manuals/Summer Challenge.pdf,https://archive.org/download/mister-manuals/1989_Sega%20Genesis.zip/1989_Sega%20Genesis%2FSummer%20Challenge.pdf,1932435,24edbf2a11f2ff514f5d4f80fc6b3d04,,,Summer Challenge.pdf
docs/MegaDrive/Manuals/Sunset Riders.pdf,https://archive.org/download/mister-manuals/1989_Sega%20Genesis.zip/1989_Sega%20Genesis%2FSunset%20Riders.pdf,1209539,477dbda2ee1436a01a5171ff0e5e9bb3,,,Sunset Riders.pdf
docs/MegaDrive/Manuals/Super Battleship.pdf,https://archive.org/download/mister-manuals/1989_Sega%20Genesis.zip/1989_Sega%20Genesis%2FSuper%20Battleship.pdf,1332799,b3ebb3d2f932f09289196327657908c9,,,Super Battleship.pdf
docs/MegaDrive/Manuals/Super Battletank - War in the Gulf.pdf,https://archive.org/download/mister-manuals/1989_Sega%20Genesis.zip/1989_Sega%20Genesis%2FSuper%20Battletank%20-%20War%20in%20the%20Gulf.pdf,4121102,dca2c01e76715a8d2952bab4ef54f259,,,Super Battletank - War in the Gulf.pdf
docs/MegaDrive/Manuals/Super Fantasy Zone.pdf,https://archive.org/download/mister-manuals/1989_Sega%20Genesis.zip/1989_Sega%20Genesis%2FSuper%20Fantasy%20Zone.pdf,1909235,edddf9505eae690c85bcdfcec50dd884,,,Super Fantasy Zone.pdf
docs/MegaDrive/Manuals/Super Hang-On.pdf,https://archive.org/download/mister-manuals/1989_Sega%20Genesis.zip/1989_Sega%20Genesis%2FSuper%20Hang-On.pdf,2714707,07ac5354b4e8202a6d45260f11d834a7,,,Super Hang-On.pdf
docs/MegaDrive/Manuals/Super Hydlide.pdf,https://archive.org/download/mister-manuals/1989_Sega%20Genesis.zip/1989_Sega%20Genesis%2FSuper%20Hydlide.pdf,4215485,c914e05a7a5562a9e3756b1299b21b34,,,Super Hydlide.pdf
docs/MegaDrive/Manuals/Super Locomotive.pdf,https://archive.org/download/mister-manuals/1989_Sega%20Genesis.zip/1989_Sega%20Genesis%2FSuper%20Locomotive.pdf,1498568,486113647bd72e0da400c142e2b3f4fd,,,Super Locomotive.pdf
docs/MegaDrive/Manuals/Super Monaco GP.pdf,https://archive.org/download/mister-manuals/1989_Sega%20Genesis.zip/1989_Sega%20Genesis%2FSuper%20Monaco%20GP.pdf,1868208,b264f11fd6c59999265ad8e959c22a94,,,Super Monaco GP.pdf
docs/MegaDrive/Manuals/Super Skidmarks.pdf,https://archive.org/download/mister-manuals/1989_Sega%20Genesis.zip/1989_Sega%20Genesis%2FSuper%20Skidmarks.pdf,1161454,2821cc62a506a9cd30e39fac4f99b9bc,,,Super Skidmarks.pdf
docs/MegaDrive/Manuals/Super Smash TV.pdf,https://archive.org/download/mister-manuals/1989_Sega%20Genesis.zip/1989_Sega%20Genesis%2FSuper%20Smash%20TV.pdf,2226665,08a7f5d648cb14b4c303eeaed56de008,,,Super Smash TV.pdf
docs/MegaDrive/Manuals/Super Street Fighter II - The New Challengers.pdf,https://archive.org/download/mister-manuals/1989_Sega%20Genesis.zip/1989_Sega%20Genesis%2FSuper%20Street%20Fighter%20II%20-%20The%20New%20Challengers.pdf,3674143,b25ff8feb6a76cab5cad8c0525ed1d16,,,Super Street Fighter II - The New Challengers.pdf
docs/MegaDrive/Manuals/Super Thunder Blade.pdf,https://archive.org/download/mister-manuals/1989_Sega%20Genesis.zip/1989_Sega%20Genesis%2FSuper%20Thunder%20Blade.pdf,1045263,9b8ccb8dddb3f6afd214db490d65ff74,,,Super Thunder Blade.pdf
docs/MegaDrive/Manuals/Superman.pdf,https://archive.org/download/mister-manuals/1989_Sega%20Genesis.zip/1989_Sega%20Genesis%2FSuperman.pdf,2087786,b76b081c226968e4f755215c30a4d991,,,Superman.pdf
docs/MegaDrive/Manuals/Sword of Sodan.pdf,https://archive.org/download/mister-manuals/1989_Sega%20Genesis.zip/1989_Sega%20Genesis%2FSword%20of%20Sodan.pdf,4308464,fc1ee066bdfb47ef0601d096446ab1c9,,,Sword of Sodan.pdf
docs/MegaDrive/Manuals/Sword of Vermilion.pdf,https://archive.org/download/mister-manuals/1989_Sega%20Genesis.zip/1989_Sega%20Genesis%2FSword%20of%20Vermilion.pdf,1425793,6d1c66cdb77ff052b579e147e2973dad,,,Sword of Vermilion.pdf
docs/MegaDrive/Manuals/Syd of Valis.pdf,https://archive.org/download/mister-manuals/1989_Sega%20Genesis.zip/1989_Sega%20Genesis%2FSyd%20of%20Valis.pdf,1921451,94c7f4268bad8a0b233c01f6bcecc6cf,,,Syd of Valis.pdf
docs/MegaDrive/Manuals/Sylvester and Tweety in Cagey Capers.pdf,https://archive.org/download/mister-manuals/1989_Sega%20Genesis.zip/1989_Sega%20Genesis%2FSylvester%20and%20Tweety%20in%20Cagey%20Capers.pdf,1752544,dd6d882a997d5b04fade38ca0cbfe5bc,,,Sylvester and Tweety in Cagey Capers.pdf
docs/MegaDrive/Manuals/Syndicate.pdf,https://archive.org/download/mister-manuals/1989_Sega%20Genesis.zip/1989_Sega%20Genesis%2FSyndicate.pdf,4174446,cc9769865a131e527df3b7e99af7191d,,,Syndicate.pdf
docs/MegaDrive/Manuals/T2 - The Arcade Game.pdf,https://archive.org/download/mister-manuals/1989_Sega%20Genesis.zip/1989_Sega%20Genesis%2FT2%20-%20The%20Arcade%20Game.pdf,2496452,f0012440242be54331c45eae2dac9608,,,T2 - The Arcade Game.pdf
docs/MegaDrive/Manuals/TNN Outdoors Bass Tournament '96.pdf,https://archive.org/download/mister-manuals/1989_Sega%20Genesis.zip/1989_Sega%20Genesis%2FTNN%20Outdoors%20Bass%20Tournament%20_96.pdf,2008125,3602f2a872fa1614e00931d7a50052e9,,,TNN Outdoors Bass Tournament _96.pdf
docs/MegaDrive/Manuals/TaleSpin.pdf,https://archive.org/download/mister-manuals/1989_Sega%20Genesis.zip/1989_Sega%20Genesis%2FTaleSpin.pdf,4429176,b78a085376f45581b7a6f15dbf89d77e,,,TaleSpin.pdf
docs/MegaDrive/Manuals/Target Earth.pdf,https://archive.org/download/mister-manuals/1989_Sega%20Genesis.zip/1989_Sega%20Genesis%2FTarget%20Earth.pdf,4219848,59968b2f7d94d6c343266bdb40627d2c,,,Target Earth.pdf
docs/MegaDrive/Manuals/Task Force Harrier EX.pdf,https://archive.org/download/mister-manuals/1989_Sega%20Genesis.zip/1989_Sega%20Genesis%2FTask%20Force%20Harrier%20EX.pdf,1002004,3aacb92ed57651d94e24edcadcc18011,,,Task Force Harrier EX.pdf
docs/MegaDrive/Manuals/Taz in Escape from Mars.pdf,https://archive.org/download/mister-manuals/1989_Sega%20Genesis.zip/1989_Sega%20Genesis%2FTaz%20in%20Escape%20from%20Mars.pdf,3852331,21eaf0fc83902532cda6c34f29f6a322,,,Taz in Escape from Mars.pdf
docs/MegaDrive/Manuals/Taz-Mania.pdf,https://archive.org/download/mister-manuals/1989_Sega%20Genesis.zip/1989_Sega%20Genesis%2FTaz-Mania.pdf,2194593,a4f68adcd2c9e47b1fa72cadd96bab7a,,,Taz-Mania.pdf
docs/MegaDrive/Manuals/Team USA Basketball.pdf,https://archive.org/download/mister-manuals/1989_Sega%20Genesis.zip/1989_Sega%20Genesis%2FTeam%20USA%20Basketball.pdf,3978786,be8191c13c07ecf0d077b32451dddcf4,,,Team USA Basketball.pdf
docs/MegaDrive/Manuals/Techno Clash.pdf,https://archive.org/download/mister-manuals/1989_Sega%20Genesis.zip/1989_Sega%20Genesis%2FTechno%20Clash.pdf,3620541,7ee942b9f8836c38a1ed8f42cfb0c382,,,Techno Clash.pdf
docs/MegaDrive/Manuals/Techno Cop.pdf,https://archive.org/download/mister-manuals/1989_Sega%20Genesis.zip/1989_Sega%20Genesis%2FTechno%20Cop.pdf,2000426,0ee3a13db152aac69b80632d6edcde3f,,,Techno Cop.pdf
docs/MegaDrive/Manuals/Tecmo Super Baseball.pdf,https://archive.org/download/mister-manuals/1989_Sega%20Genesis.zip/1989_Sega%20Genesis%2FTecmo%20Super%20Baseball.pdf,3146770,7aad989073d93d1c7f72c5dbf31afb52,,,Tecmo Super Baseball.pdf
docs/MegaDrive/Manuals/Tecmo Super Bowl III - Final Edition.pdf,https://archive.org/download/mister-manuals/1989_Sega%20Genesis.zip/1989_Sega%20Genesis%2FTecmo%20Super%20Bowl%20III%20-%20Final%20Edition.pdf,3909870,14fb9ae44766315531dfa6b34a3d0cb9,,,Tecmo Super Bowl III - Final Edition.pdf
docs/MegaDrive/Manuals/Tecmo Super Bowl.pdf,https://archive.org/download/mister-manuals/1989_Sega%20Genesis.zip/1989_Sega%20Genesis%2FTecmo%20Super%20Bowl.pdf,3105125,ec54f32b9b42504e14c677e9a1088b84,,,Tecmo Super Bowl.pdf
docs/MegaDrive/Manuals/Teenage Mutant Ninja Turtles - The Hyperstone Heist.pdf,https://archive.org/download/mister-manuals/1989_Sega%20Genesis.zip/1989_Sega%20Genesis%2FTeenage%20Mutant%20Ninja%20Turtles%20-%20The%20Hyperstone%20Heist.pdf,1260029,60d506e76eb8da5bf01bdd66330a0735,,,Teenage Mutant Ninja Turtles - The Hyperstone Heist.pdf
docs/MegaDrive/Manuals/Teenage Mutant Ninja Turtles - Tournament Fighters.pdf,https://archive.org/download/mister-manuals/1989_Sega%20Genesis.zip/1989_Sega%20Genesis%2FTeenage%20Mutant%20Ninja%20Turtles%20-%20Tournament%20Fighters.pdf,3295001,1a4f86f42070c021f08b8df65a74f5e3,,,Teenage Mutant Ninja Turtles - Tournament Fighters.pdf
docs/MegaDrive/Manuals/Terminator 2 - Judgment Day.pdf,https://archive.org/download/mister-manuals/1989_Sega%20Genesis.zip/1989_Sega%20Genesis%2FTerminator%202%20-%20Judgment%20Day.pdf,1539445,592b7f315defa750bdd6e26784e030ef,,,Terminator 2 - Judgment Day.pdf
"docs/MegaDrive/Manuals/Terminator, The.pdf",https://archive.org/download/mister-manuals/1989_Sega%20Genesis.zip/1989_Sega%20Genesis%2FTerminator%2C%20The.pdf,3216355,1eeeec45ac8f8268e2cea38a997e96eb,,,"Terminator, The.pdf"
docs/MegaDrive/Manuals/Tetris.pdf,https://archive.org/download/mister-manuals/1989_Sega%20Genesis.zip/1989_Sega%20Genesis%2FTetris.pdf,3037604,636b6a35f378735db73ac54bd30ea8d3,,,Tetris.pdf
docs/MegaDrive/Manuals/Thomas the Tank Engine & Friends.pdf,https://archive.org/download/mister-manuals/1989_Sega%20Genesis.zip/1989_Sega%20Genesis%2FThomas%20the%20Tank%20Engine%20%26%20Friends.pdf,3349704,73bc7a94a504bfb6c8a207d955fb652b,,,Thomas the Tank Engine & Friends.pdf
docs/MegaDrive/Manuals/Thunder Force II.pdf,https://archive.org/download/mister-manuals/1989_Sega%20Genesis.zip/1989_Sega%20Genesis%2FThunder%20Force%20II.pdf,1003492,8529b9d69403cf0dcf1e48dea4b47984,,,Thunder Force II.pdf
docs/MegaDrive/Manuals/Thunder Force III.pdf,https://archive.org/download/mister-manuals/1989_Sega%20Genesis.zip/1989_Sega%20Genesis%2FThunder%20Force%20III.pdf,3629685,377e72aa6535ffad16c658320ef0b6c1,,,Thunder Force III.pdf
"docs/MegaDrive/Manuals/Tick, The.pdf",https://archive.org/download/mister-manuals/1989_Sega%20Genesis.zip/1989_Sega%20Genesis%2FTick%2C%20The.pdf,2124846,25e6e254c1b1415c80763362c8674036,,,"Tick, The.pdf"
docs/MegaDrive/Manuals/Time Killers.pdf,https://archive.org/download/mister-manuals/1989_Sega%20Genesis.zip/1989_Sega%20Genesis%2FTime%20Killers.pdf,3105707,9e90fed4a2fa540caa2b25917146a55f,,,Time Killers.pdf
docs/MegaDrive/Manuals/Tinhead.pdf,https://archive.org/download/mister-manuals/1989_Sega%20Genesis.zip/1989_Sega%20Genesis%2FTinhead.pdf,2094796,29e82dc5a4af198c36c109a7999dea04,,,Tinhead.pdf
docs/MegaDrive/Manuals/Tiny Toon Adventures - ACME All-Stars.pdf,https://archive.org/download/mister-manuals/1989_Sega%20Genesis.zip/1989_Sega%20Genesis%2FTiny%20Toon%20Adventures%20-%20ACME%20All-Stars.pdf,4912188,385b557e37eacfa2eb9378acce32e6c6,,,Tiny Toon Adventures - ACME All-Stars.pdf
docs/MegaDrive/Manuals/Tiny Toon Adventures - Buster's Hidden Treasure.pdf,https://archive.org/download/mister-manuals/1989_Sega%20Genesis.zip/1989_Sega%20Genesis%2FTiny%20Toon%20Adventures%20-%20Buster_s%20Hidden%20Treasure.pdf,1590905,4c22c3fb0c949a33626afd6d1ae3bdb9,,,Tiny Toon Adventures - Buster_s Hidden Treasure.pdf
docs/MegaDrive/Manuals/Todd's Adventures in Slime World.pdf,https://archive.org/download/mister-manuals/1989_Sega%20Genesis.zip/1989_Sega%20Genesis%2FTodd_s%20Adventures%20in%20Slime%20World.pdf,1180256,d44ee8cdd7a0c2f2e039dfce2b265396,,,Todd_s Adventures in Slime World.pdf
docs/MegaDrive/Manuals/ToeJam & Earl in Panic on Funkotron.pdf,https://archive.org/download/mister-manuals/1989_Sega%20Genesis.zip/1989_Sega%20Genesis%2FToeJam%20%26%20Earl%20in%20Panic%20on%20Funkotron.pdf,4533845,d1dae71679fbe8948e05cab00d053ef5,,,ToeJam & Earl in Panic on Funkotron.pdf
docs/MegaDrive/Manuals/ToeJam & Earl.pdf,https://archive.org/download/mister-manuals/1989_Sega%20Genesis.zip/1989_Sega%20Genesis%2FToeJam%20%26%20Earl.pdf,2416671,d047e939b4caf26e80def8dccbd3cb6b,,,ToeJam & Earl.pdf
docs/MegaDrive/Manuals/Toki - Going Ape Spit.pdf,https://archive.org/download/mister-manuals/1989_Sega%20Genesis.zip/1989_Sega%20Genesis%2FToki%20-%20Going%20Ape%20Spit.pdf,2037808,d79aabcb1bbda73d8a0f7854faa3994f,,,Toki - Going Ape Spit.pdf
docs/MegaDrive/Manuals/Tom and Jerry - Frantic Antics!.pdf,https://archive.org/download/mister-manuals/1989_Sega%20Genesis.zip/1989_Sega%20Genesis%2FTom%20and%20Jerry%20-%20Frantic%20Antics%21.pdf,1269318,24e15233af6dbd2e80f2ee8f93bdf011,,,Tom and Jerry - Frantic Antics!.pdf
docs/MegaDrive/Manuals/Tommy Lasorda Baseball.pdf,https://archive.org/download/mister-manuals/1989_Sega%20Genesis.zip/1989_Sega%20Genesis%2FTommy%20Lasorda%20Baseball.pdf,4908919,74b9810342dbc617719bfcda4ace6d32,,,Tommy Lasorda Baseball.pdf
docs/MegaDrive/Manuals/Tony La Russa Baseball.pdf,https://archive.org/download/mister-manuals/1989_Sega%20Genesis.zip/1989_Sega%20Genesis%2FTony%20La%20Russa%20Baseball.pdf,2054855,a039a23526c5df053424b668d506ec83,,,Tony La Russa Baseball.pdf
docs/MegaDrive/Manuals/Toughman Contest.pdf,https://archive.org/download/mister-manuals/1989_Sega%20Genesis.zip/1989_Sega%20Genesis%2FToughman%20Contest.pdf,2266527,474a849e15c502cc0bebf548c498ce15,,,Toughman Contest.pdf
docs/MegaDrive/Manuals/Toy Story.pdf,https://archive.org/download/mister-manuals/1989_Sega%20Genesis.zip/1989_Sega%20Genesis%2FToy%20Story.pdf,4247033,b43509815368ffdf5ed7511726bdfc7b,,,Toy Story.pdf
docs/MegaDrive/Manuals/Toys - Let the Toy Wars Begin!.pdf,https://archive.org/download/mister-manuals/1989_Sega%20Genesis.zip/1989_Sega%20Genesis%2FToys%20-%20Let%20the%20Toy%20Wars%20Begin%21.pdf,3508143,a514d3202733b06edb8e34fada4a0e83,,,Toys - Let the Toy Wars Begin!.pdf
docs/MegaDrive/Manuals/Trampoline Terror!.pdf,https://archive.org/download/mister-manuals/1989_Sega%20Genesis.zip/1989_Sega%20Genesis%2FTrampoline%20Terror%21.pdf,2826124,83060502649bedff5e42eabd6eb7243a,,,Trampoline Terror!.pdf
docs/MegaDrive/Manuals/Traysia.pdf,https://archive.org/download/mister-manuals/1989_Sega%20Genesis.zip/1989_Sega%20Genesis%2FTraysia.pdf,1585605,86b7edb72230a73b008db1f2f636e5fe,,,Traysia.pdf
docs/MegaDrive/Manuals/Triple Play '96.pdf,https://archive.org/download/mister-manuals/1989_Sega%20Genesis.zip/1989_Sega%20Genesis%2FTriple%20Play%20_96.pdf,4725876,5a28503ed4b87a896c07928fdfbca433,,,Triple Play _96.pdf
docs/MegaDrive/Manuals/Trouble Shooter.pdf,https://archive.org/download/mister-manuals/1989_Sega%20Genesis.zip/1989_Sega%20Genesis%2FTrouble%20Shooter.pdf,2073764,5d851e0e065d2bc0ffab9cf9607ae70b,,,Trouble Shooter.pdf
docs/MegaDrive/Manuals/True Lies.pdf,https://archive.org/download/mister-manuals/1989_Sega%20Genesis.zip/1989_Sega%20Genesis%2FTrue%20Lies.pdf,2015776,e09eb9384f0c0c93282161825a9c333b,,,True Lies.pdf
docs/MegaDrive/Manuals/Truxton.pdf,https://archive.org/download/mister-manuals/1989_Sega%20Genesis.zip/1989_Sega%20Genesis%2FTruxton.pdf,1363460,f29f975bbe14b8d78e031062f01561fe,,,Truxton.pdf
docs/MegaDrive/Manuals/Turrican.pdf,https://archive.org/download/mister-manuals/1989_Sega%20Genesis.zip/1989_Sega%20Genesis%2FTurrican.pdf,1657201,5d1c5cec3f6d05aa4926fc96d71149fc,,,Turrican.pdf
docs/MegaDrive/Manuals/Twin Cobra - Desert Attack Helicopter.pdf,https://archive.org/download/mister-manuals/1989_Sega%20Genesis.zip/1989_Sega%20Genesis%2FTwin%20Cobra%20-%20Desert%20Attack%20Helicopter.pdf,512636,58a85d8f15863d0a47e09b7dc307c5da,,,Twin Cobra - Desert Attack Helicopter.pdf
docs/MegaDrive/Manuals/Two Crude Dudes.pdf,https://archive.org/download/mister-manuals/1989_Sega%20Genesis.zip/1989_Sega%20Genesis%2FTwo%20Crude%20Dudes.pdf,1211298,5e81f88b1dd779ec3d640c06c6927e36,,,Two Crude Dudes.pdf
docs/MegaDrive/Manuals/Tyrants - Fight through Time.pdf,https://archive.org/download/mister-manuals/1989_Sega%20Genesis.zip/1989_Sega%20Genesis%2FTyrants%20-%20Fight%20through%20Time.pdf,4555813,1e57e006dfebbdaf069b6aff94c81ec7,,,Tyrants - Fight through Time.pdf
docs/MegaDrive/Manuals/Ultimate Mortal Kombat 3.pdf,https://archive.org/download/mister-manuals/1989_Sega%20Genesis.zip/1989_Sega%20Genesis%2FUltimate%20Mortal%20Kombat%203.pdf,2935333,32322df33f8d0866c4109f69b8c194e9,,,Ultimate Mortal Kombat 3.pdf
docs/MegaDrive/Manuals/Uncharted Waters - New Horizons.pdf,https://archive.org/download/mister-manuals/1989_Sega%20Genesis.zip/1989_Sega%20Genesis%2FUncharted%20Waters%20-%20New%20Horizons.pdf,2496058,a865ad80d1bf21126e77ca861da5f282,,,Uncharted Waters - New Horizons.pdf
docs/MegaDrive/Manuals/Unnecessary Roughness '95.pdf,https://archive.org/download/mister-manuals/1989_Sega%20Genesis.zip/1989_Sega%20Genesis%2FUnnecessary%20Roughness%20_95.pdf,2802335,0435ad0dee12f74c9acba669c1a10ff6,,,Unnecessary Roughness _95.pdf
docs/MegaDrive/Manuals/Urban Strike.pdf,https://archive.org/download/mister-manuals/1989_Sega%20Genesis.zip/1989_Sega%20Genesis%2FUrban%20Strike.pdf,3554923,4738700759a8b36fae874590ecb78433,,,Urban Strike.pdf
docs/MegaDrive/Manuals/VR Troopers.pdf,https://archive.org/download/mister-manuals/1989_Sega%20Genesis.zip/1989_Sega%20Genesis%2FVR%20Troopers.pdf,1799038,43eac4fd221cd297a40c4ca834a591d9,,,VR Troopers.pdf
docs/MegaDrive/Manuals/Valis III.pdf,https://archive.org/download/mister-manuals/1989_Sega%20Genesis.zip/1989_Sega%20Genesis%2FValis%20III.pdf,2278904,d29b171950600c9f1b2e95a07f75e4d2,,,Valis III.pdf
docs/MegaDrive/Manuals/Valis.pdf,https://archive.org/download/mister-manuals/1989_Sega%20Genesis.zip/1989_Sega%20Genesis%2FValis.pdf,2248429,b694a259f9d32a29ffd24d0120d073f4,,,Valis.pdf
docs/MegaDrive/Manuals/Vapor Trail.pdf,https://archive.org/download/mister-manuals/1989_Sega%20Genesis.zip/1989_Sega%20Genesis%2FVapor%20Trail.pdf,2592343,4106e3071c5baf1d8cf368f9ed6ccebc,,,Vapor Trail.pdf
docs/MegaDrive/Manuals/Vectorman 2.pdf,https://archive.org/download/mister-manuals/1989_Sega%20Genesis.zip/1989_Sega%20Genesis%2FVectorman%202.pdf,1320389,6c7915ea1c80f771c7ec4cc8687f6b50,,,Vectorman 2.pdf
docs/MegaDrive/Manuals/Vectorman.pdf,https://archive.org/download/mister-manuals/1989_Sega%20Genesis.zip/1989_Sega%20Genesis%2FVectorman.pdf,3339686,4923d1d1fab2fb91ba38114430d70867,,,Vectorman.pdf
docs/MegaDrive/Manuals/Venom & Spider-Man - Separation Anxiety.pdf,https://archive.org/download/mister-manuals/1989_Sega%20Genesis.zip/1989_Sega%20Genesis%2FVenom%20%26%20Spider-Man%20-%20Separation%20Anxiety.pdf,4183775,6f9ab9e9d742e3ff3291896cac38a449,,,Venom & Spider-Man - Separation Anxiety.pdf
docs/MegaDrive/Manuals/Viewpoint.pdf,https://archive.org/download/mister-manuals/1989_Sega%20Genesis.zip/1989_Sega%20Genesis%2FViewpoint.pdf,1114364,577f801bb1c138702df1a7a9b1b50933,,,Viewpoint.pdf
docs/MegaDrive/Manuals/Virtua Fighter 2.pdf,https://archive.org/download/mister-manuals/1989_Sega%20Genesis.zip/1989_Sega%20Genesis%2FVirtua%20Fighter%202.pdf,4138947,12a575b5a878f991eb2941f425edd484,,,Virtua Fighter 2.pdf
docs/MegaDrive/Manuals/Virtua Racing.pdf,https://archive.org/download/mister-manuals/1989_Sega%20Genesis.zip/1989_Sega%20Genesis%2FVirtua%20Racing.pdf,3150376,20208860b2f90fdcb28293df7388437d,,,Virtua Racing.pdf
docs/MegaDrive/Manuals/Virtual Bart.pdf,https://archive.org/download/mister-manuals/1989_Sega%20Genesis.zip/1989_Sega%20Genesis%2FVirtual%20Bart.pdf,1574623,058b8b041ef2d984207c01c3f3fadb9e,,,Virtual Bart.pdf
docs/MegaDrive/Manuals/Virtual Pinball.pdf,https://archive.org/download/mister-manuals/1989_Sega%20Genesis.zip/1989_Sega%20Genesis%2FVirtual%20Pinball.pdf,1662198,e008748db48030e408b2e8bc06b4b7b6,,,Virtual Pinball.pdf
docs/MegaDrive/Manuals/WWF RAW.pdf,https://archive.org/download/mister-manuals/1989_Sega%20Genesis.zip/1989_Sega%20Genesis%2FWWF%20RAW.pdf,4049663,157ca08f068c27bc5a641165bae2018c,,,WWF RAW.pdf
docs/MegaDrive/Manuals/WWF Royal Rumble.pdf,https://archive.org/download/mister-manuals/1989_Sega%20Genesis.zip/1989_Sega%20Genesis%2FWWF%20Royal%20Rumble.pdf,3107426,7e0bcce2d20acbf88f782c3ba02c5b27,,,WWF Royal Rumble.pdf
docs/MegaDrive/Manuals/WWF WrestleMania - The Arcade Game.pdf,https://archive.org/download/mister-manuals/1989_Sega%20Genesis.zip/1989_Sega%20Genesis%2FWWF%20WrestleMania%20-%20The%20Arcade%20Game.pdf,5113725,ca160f3ce7f2fde6c4457d7d3aa62f01,,,WWF WrestleMania - The Arcade Game.pdf
docs/MegaDrive/Manuals/Wacky Worlds Creativity Studio.pdf,https://archive.org/download/mister-manuals/1989_Sega%20Genesis.zip/1989_Sega%20Genesis%2FWacky%20Worlds%20Creativity%20Studio.pdf,2756448,a574694fd43e76d164e2f7a681ef1ad7,,,Wacky Worlds Creativity Studio.pdf
docs/MegaDrive/Manuals/WarpSpeed.pdf,https://archive.org/download/mister-manuals/1989_Sega%20Genesis.zip/1989_Sega%20Genesis%2FWarpSpeed.pdf,1951361,d0aa79a6a915e6d82d3ad84b78ce4c4c,,,WarpSpeed.pdf
docs/MegaDrive/Manuals/Warrior of Rome .pdf,https://archive.org/download/mister-manuals/1989_Sega%20Genesis.zip/1989_Sega%20Genesis%2FWarrior%20of%20Rome%20.pdf,2704144,b90088553ef1153962aaab3e8aa8ab29,,,Warrior of Rome .pdf
docs/MegaDrive/Manuals/Warrior of Rome II.pdf,https://archive.org/download/mister-manuals/1989_Sega%20Genesis.zip/1989_Sega%20Genesis%2FWarrior%20of%20Rome%20II.pdf,4723801,65205ef426b366f1087471d13830e84f,,,Warrior of Rome II.pdf
docs/MegaDrive/Manuals/Warsong.pdf,https://archive.org/download/mister-manuals/1989_Sega%20Genesis.zip/1989_Sega%20Genesis%2FWarsong.pdf,3499126,90fea2fe85bd6a7975d5b49a53c7cee1,,,Warsong.pdf
docs/MegaDrive/Manuals/WeaponLord.pdf,https://archive.org/download/mister-manuals/1989_Sega%20Genesis.zip/1989_Sega%20Genesis%2FWeaponLord.pdf,2983794,61a424763f0004bde19d67205d8c1386,,,WeaponLord.pdf
docs/MegaDrive/Manuals/Wheel of Fortune.pdf,https://archive.org/download/mister-manuals/1989_Sega%20Genesis.zip/1989_Sega%20Genesis%2FWheel%20of%20Fortune.pdf,3449501,8331557638db92d69ffc7da2a3650e26,,,Wheel of Fortune.pdf
docs/MegaDrive/Manuals/Where in Time is Carmen Sandiego.pdf,https://archive.org/download/mister-manuals/1989_Sega%20Genesis.zip/1989_Sega%20Genesis%2FWhere%20in%20Time%20is%20Carmen%20Sandiego.pdf,2175302,a290a326f7d3f34ed716217a94ac6348,,,Where in Time is Carmen Sandiego.pdf
docs/MegaDrive/Manuals/Where in the World is Carmen Sandiego.pdf,https://archive.org/download/mister-manuals/1989_Sega%20Genesis.zip/1989_Sega%20Genesis%2FWhere%20in%20the%20World%20is%20Carmen%20Sandiego.pdf,3207386,b844c266d5aa31bdab98cafd12b9bd5c,,,Where in the World is Carmen Sandiego.pdf
docs/MegaDrive/Manuals/Whip Rush.pdf,https://archive.org/download/mister-manuals/1989_Sega%20Genesis.zip/1989_Sega%20Genesis%2FWhip%20Rush.pdf,1235629,d1613cdbf8c2e06cd2418f017543f2c6,,,Whip Rush.pdf
docs/MegaDrive/Manuals/Williams Arcade's Greatest Hits.pdf,https://archive.org/download/mister-manuals/1989_Sega%20Genesis.zip/1989_Sega%20Genesis%2FWilliams%20Arcade_s%20Greatest%20Hits.pdf,1068400,96cf409e27b748d139113d5e6d4fe71b,,,Williams Arcade_s Greatest Hits.pdf
docs/MegaDrive/Manuals/Wings of Wor.pdf,https://archive.org/download/mister-manuals/1989_Sega%20Genesis.zip/1989_Sega%20Genesis%2FWings%20of%20Wor.pdf,1898842,10a0ec97f4dfe9be3609a3dfd7fa9e40,,,Wings of Wor.pdf
docs/MegaDrive/Manuals/Winter Challenge.pdf,https://archive.org/download/mister-manuals/1989_Sega%20Genesis.zip/1989_Sega%20Genesis%2FWinter%20Challenge.pdf,4682312,a943f0ffc001e6b9c756b07f316aba44,,,Winter Challenge.pdf
docs/MegaDrive/Manuals/Winter Olympic Games - Lillehammer '94.pdf,https://archive.org/download/mister-manuals/1989_Sega%20Genesis.zip/1989_Sega%20Genesis%2FWinter%20Olympic%20Games%20-%20Lillehammer%20_94.pdf,2177124,5d46e52f36db3fa5d645c9dee916dabb,,,Winter Olympic Games - Lillehammer _94.pdf
docs/MegaDrive/Manuals/Wolfchild.pdf,https://archive.org/download/mister-manuals/1989_Sega%20Genesis.zip/1989_Sega%20Genesis%2FWolfchild.pdf,1683977,bae27a10630bb6b8b8147dbdf150b6b3,,,Wolfchild.pdf
docs/MegaDrive/Manuals/Wolverine - Adamantium Rage.pdf,https://archive.org/download/mister-manuals/1989_Sega%20Genesis.zip/1989_Sega%20Genesis%2FWolverine%20-%20Adamantium%20Rage.pdf,1816451,5a3141d3ba7f2b9e06cc040bb11247f2,,,Wolverine - Adamantium Rage.pdf
docs/MegaDrive/Manuals/Wonder Boy III - Monster Lair.pdf,https://archive.org/download/mister-manuals/1989_Sega%20Genesis.zip/1989_Sega%20Genesis%2FWonder%20Boy%20III%20-%20Monster%20Lair.pdf,1378801,8b688abc928513ee9f695aa0ba47defd,,,Wonder Boy III - Monster Lair.pdf
docs/MegaDrive/Manuals/Wonder Boy in Monster World.pdf,https://archive.org/download/mister-manuals/1989_Sega%20Genesis.zip/1989_Sega%20Genesis%2FWonder%20Boy%20in%20Monster%20World.pdf,3992690,1d1a15b0ae8379b77b415292f1bb1eaf,,,Wonder Boy in Monster World.pdf
docs/MegaDrive/Manuals/World Championship Soccer .pdf,https://archive.org/download/mister-manuals/1989_Sega%20Genesis.zip/1989_Sega%20Genesis%2FWorld%20Championship%20Soccer%20.pdf,2157262,c660100fe817a90bf9fd99987207212e,,,World Championship Soccer .pdf
docs/MegaDrive/Manuals/World Championship Soccer II.pdf,https://archive.org/download/mister-manuals/1989_Sega%20Genesis.zip/1989_Sega%20Genesis%2FWorld%20Championship%20Soccer%20II.pdf,1865335,20ade2ab10836ccc4f92e9d322192354,,,World Championship Soccer II.pdf
docs/MegaDrive/Manuals/World Class Leaderboard Golf.pdf,https://archive.org/download/mister-manuals/1989_Sega%20Genesis.zip/1989_Sega%20Genesis%2FWorld%20Class%20Leaderboard%20Golf.pdf,1259228,b12596038ebefe5c1d7c2055577435c6,,,World Class Leaderboard Golf.pdf
docs/MegaDrive/Manuals/World Heroes.pdf,https://archive.org/download/mister-manuals/1989_Sega%20Genesis.zip/1989_Sega%20Genesis%2FWorld%20Heroes.pdf,2163583,3733aab0d554694bb81697847a1baa0a,,,World Heroes.pdf
docs/MegaDrive/Manuals/World Series Baseball .pdf,https://archive.org/download/mister-manuals/1989_Sega%20Genesis.zip/1989_Sega%20Genesis%2FWorld%20Series%20Baseball%20.pdf,3484860,a3c0cb625b2916c1a12a24cf781b1fd2,,,World Series Baseball .pdf
docs/MegaDrive/Manuals/World Series Baseball '96.pdf,https://archive.org/download/mister-manuals/1989_Sega%20Genesis.zip/1989_Sega%20Genesis%2FWorld%20Series%20Baseball%20_96.pdf,2598688,5ee1f139b53bf39d3d2ae91201e33460,,,World Series Baseball _96.pdf
docs/MegaDrive/Manuals/World Trophy Soccer.pdf,https://archive.org/download/mister-manuals/1989_Sega%20Genesis.zip/1989_Sega%20Genesis%2FWorld%20Trophy%20Soccer.pdf,1936027,ba3e752016f4bfd35b49465caf0cabca,,,World Trophy Soccer.pdf
docs/MegaDrive/Manuals/World of Illusion starring Mickey Mouse and Donald Duck.pdf,https://archive.org/download/mister-manuals/1989_Sega%20Genesis.zip/1989_Sega%20Genesis%2FWorld%20of%20Illusion%20starring%20Mickey%20Mouse%20and%20Donald%20Duck.pdf,4398152,3e9545c3ad87365be1a25ac97befc25d,,,World of Illusion starring Mickey Mouse and Donald Duck.pdf
docs/MegaDrive/Manuals/Worms.pdf,https://archive.org/download/mister-manuals/1989_Sega%20Genesis.zip/1989_Sega%20Genesis%2FWorms.pdf,1070540,0c91d7680d1f710469dfcb7734ff5719,,,Worms.pdf
docs/MegaDrive/Manuals/X-Men 2 - Clone Wars.pdf,https://archive.org/download/mister-manuals/1989_Sega%20Genesis.zip/1989_Sega%20Genesis%2FX-Men%202%20-%20Clone%20Wars.pdf,4879123,8800fec8a2e976ab8ccab30d6ab271af,,,X-Men 2 - Clone Wars.pdf
docs/MegaDrive/Manuals/X-Men.pdf,https://archive.org/download/mister-manuals/1989_Sega%20Genesis.zip/1989_Sega%20Genesis%2FX-Men.pdf,3208286,c0b1fe8b1d67c1c0048cf35f84e673d7,,,X-Men.pdf
docs/MegaDrive/Manuals/X-Perts.pdf,https://archive.org/download/mister-manuals/1989_Sega%20Genesis.zip/1989_Sega%20Genesis%2FX-Perts.pdf,2337014,8761e9849f5aa472fe786c52d2082a88,,,X-Perts.pdf
docs/MegaDrive/Manuals/Xenon 2 - Megablast.pdf,https://archive.org/download/mister-manuals/1989_Sega%20Genesis.zip/1989_Sega%20Genesis%2FXenon%202%20-%20Megablast.pdf,1498003,2ab59df40740ebf50846c115f1ec733a,,,Xenon 2 - Megablast.pdf
docs/MegaDrive/Manuals/Ys III - Wanderers from Ys.pdf,https://archive.org/download/mister-manuals/1989_Sega%20Genesis.zip/1989_Sega%20Genesis%2FYs%20III%20-%20Wanderers%20from%20Ys.pdf,3674815,c98108836af49c6bf5200225475db396,,,Ys III - Wanderers from Ys.pdf
docs/MegaDrive/Manuals/Zero Tolerance.pdf,https://archive.org/download/mister-manuals/1989_Sega%20Genesis.zip/1989_Sega%20Genesis%2FZero%20Tolerance.pdf,4960275,52a908545b6f5a6835cb457f57c0dd00,,,Zero Tolerance.pdf
docs/MegaDrive/Manuals/Zero Wing.pdf,https://archive.org/download/mister-manuals/1989_Sega%20Genesis.zip/1989_Sega%20Genesis%2FZero%20Wing.pdf,1229087,7938b89033d58521b7fbe23f1eb7944a,,,Zero Wing.pdf
docs/MegaDrive/Manuals/Zombies Ate My Neighbors.pdf,https://archive.org/download/mister-manuals/1989_Sega%20Genesis.zip/1989_Sega%20Genesis%2FZombies%20Ate%20My%20Neighbors.pdf,1513264,ad2a15759bf781a753500db48d40c4fc,,,Zombies Ate My Neighbors.pdf
docs/MegaDrive/Manuals/Zool - Ninja of the 'Nth' Dimension.pdf,https://archive.org/download/mister-manuals/1989_Sega%20Genesis.zip/1989_Sega%20Genesis%2FZool%20-%20Ninja%20of%20the%20_Nth_%20Dimension.pdf,1802466,f7433526f6fef85062a8a03b858e1749,,,Zool - Ninja of the _Nth_ Dimension.pdf
docs/MegaDrive/Manuals/Zoom!.pdf,https://archive.org/download/mister-manuals/1989_Sega%20Genesis.zip/1989_Sega%20Genesis%2FZoom%21.pdf,731424,f3620ad9a3c9458e61304ef9859a4fa3,,,Zoom!.pdf
docs/MegaDrive/Manuals/Zoop.pdf,https://archive.org/download/mister-manuals/1989_Sega%20Genesis.zip/1989_Sega%20Genesis%2FZoop.pdf,1359653,9320bc350857ba3726f499fecae2540d,,,Zoop.pdf
